participant,scenario,wz,n_frames,has_ego,has_worker,t_start_unix,t_end_unix,txt_path,rich_path,target_hz,source_original_start_unix,source_original_end_unix,chosen_start_s,chosen_end_s,note
P10,S1_normal,1,51,1,1,1765553663.530,1765553673.530,,_rich\P10_S1_normal_WZ1.csv,5.0,1765553663.530,1765553673.530,,,
P10,S1_normal,2,51,1,1,1765553681.631,1765553691.631,,_rich\P10_S1_normal_WZ2.csv,5.0,1765553681.631,1765553691.631,,,
P10,S1_normal,3,51,1,1,1765553702.033,1765553712.033,,_rich\P10_S1_normal_WZ3.csv,5.0,1765553702.033,1765553712.033,,,
P10,S2_noWarning,1,66,1,1,1765553079.777,1765553092.777,,_rich\P10_S2_noWarning_WZ1.csv,5.0,1765553074.777,1765553091.777,5.0,18.0,
P10,S2_noWarning,2,53,1,1,1765553115.975,1765553126.375,,_rich\P10_S2_noWarning_WZ2.csv,5.0,1765553115.975,1765553126.475,,,
P10,S2_noWarning,3,51,1,1,1765553151.177,1765553161.177,,_rich\P10_S2_noWarning_WZ3.csv,5.0,1765553148.177,1765553158.177,3.0,13.0,
P10,S3_rainy,1,48,1,1,1765554097.591,1765554106.991,,_rich\P10_S3_rainy_WZ1.csv,5.0,1765554097.591,1765554107.091,,,
P10,S3_rainy,2,46,1,1,1765554229.691,1765554238.691,,_rich\P10_S3_rainy_WZ2.csv,5.0,1765554226.691,1765554236.691,3.0,12.0,
P10,S3_rainy,3,51,1,1,1765554264.493,1765554274.493,,_rich\P10_S3_rainy_WZ3.csv,5.0,1765554264.493,1765554274.493,,,
P10,S4_curve,1,51,1,1,1765554501.120,1765554511.120,,_rich\P10_S4_curve_WZ1.csv,5.0,1765554501.120,1765554511.120,,,
P10,S4_curve,2,53,1,1,1765554532.921,1765554543.321,,_rich\P10_S4_curve_WZ2.csv,5.0,1765554532.921,1765554543.421,,,
P10,S4_curve,3,51,1,1,1765554576.920,1765554586.920,,_rich\P10_S4_curve_WZ3.csv,5.0,1765554576.920,1765554586.920,,,
P10,S5_nighttime,1,51,1,1,1765554925.494,1765554935.494,,_rich\P10_S5_nighttime_WZ1.csv,5.0,1765554923.494,1765554933.994,2.0,12.0,
P10,S5_nighttime,2,53,1,1,1765554944.592,1765554954.992,,_rich\P10_S5_nighttime_WZ2.csv,5.0,1765554944.592,1765554955.092,,,
P10,S5_nighttime,3,98,1,1,1765554971.091,1765554990.491,,_rich\P10_S5_nighttime_WZ3.csv,5.0,1765554971.091,1765554990.591,,,
P10,S6_truck,1,46,1,1,1765555285.487,1765555294.487,,_rich\P10_S6_truck_WZ1.csv,5.0,1765555282.487,1765555292.987,3.0,12.0,
P10,S6_truck,2,68,1,1,1765555315.393,1765555328.793,,_rich\P10_S6_truck_WZ2.csv,5.0,1765555315.393,1765555328.893,,,
P10,S6_truck,3,46,1,1,1765555368.187,1765555377.187,,_rich\P10_S6_truck_WZ3.csv,5.0,1765555365.187,1765555375.687,3.0,12.0,
P11,S1_normal,1,51,1,1,1765560687.268,1765560697.268,,_rich\P11_S1_normal_WZ1.csv,5.0,1765560685.268,1765560695.768,2.0,12.0,
P11,S1_normal,2,51,1,1,1765560705.969,1765560715.969,,_rich\P11_S1_normal_WZ2.csv,5.0,1765560705.969,1765560715.969,,,
P11,S1_normal,3,51,1,1,1765560726.469,1765560736.469,,_rich\P11_S1_normal_WZ3.csv,5.0,1765560726.469,1765560736.469,,,
P11,S2_noWarning,1,71,1,1,1765560318.011,1765560332.011,,_rich\P11_S2_noWarning_WZ1.csv,5.0,1765560318.011,1765560332.011,,,
P11,S2_noWarning,2,51,1,1,1765560363.511,1765560373.511,,_rich\P11_S2_noWarning_WZ2.csv,5.0,1765560363.511,1765560373.511,,,
P11,S2_noWarning,3,51,1,1,1765560394.012,1765560404.012,,_rich\P11_S2_noWarning_WZ3.csv,5.0,1765560390.012,1765560400.012,4.0,14.0,
P11,S3_rainy,1,46,1,1,1765561135.280,1765561144.280,,_rich\P11_S3_rainy_WZ1.csv,5.0,1765561135.280,1765561144.280,,,
P11,S3_rainy,2,46,1,1,1765561175.481,1765561184.481,,_rich\P11_S3_rainy_WZ2.csv,5.0,1765561175.481,1765561184.481,,,
P11,S3_rainy,3,51,1,1,1765561223.680,1765561233.680,,_rich\P11_S3_rainy_WZ3.csv,5.0,1765561223.680,1765561233.680,,,
P11,S4_curve,1,51,1,1,1765559838.724,1765559848.724,,_rich\P11_S4_curve_WZ1.csv,5.0,1765559838.724,1765559848.724,,,
P11,S4_curve,2,61,1,1,1765559864.426,1765559876.426,,_rich\P11_S4_curve_WZ2.csv,5.0,1765559864.426,1765559876.426,,,
P11,S4_curve,3,61,1,1,1765559910.724,1765559922.724,,_rich\P11_S4_curve_WZ3.csv,5.0,1765559910.724,1765559922.724,,,
P11,S5_nighttime,1,51,1,1,1765561601.411,1765561611.411,,_rich\P11_S5_nighttime_WZ1.csv,5.0,1765561598.411,1765561609.911,3.0,13.0,
P11,S5_nighttime,2,51,1,1,1765561626.309,1765561636.309,,_rich\P11_S5_nighttime_WZ2.csv,5.0,1765561626.309,1765561636.309,,,
P11,S5_nighttime,3,78,1,1,1765561650.505,1765561665.905,,_rich\P11_S5_nighttime_WZ3.csv,5.0,1765561650.505,1765561666.005,,,
P11,S6_truck,1,51,1,1,1765562001.090,1765562011.090,,_rich\P11_S6_truck_WZ1.csv,5.0,1765561998.090,1765562008.090,3.0,13.0,
P11,S6_truck,2,51,1,1,1765562032.190,1765562042.190,,_rich\P11_S6_truck_WZ2.csv,5.0,1765562032.190,1765562042.190,,,
P11,S6_truck,3,51,1,1,1765562053.195,1765562063.195,,_rich\P11_S6_truck_WZ3.csv,5.0,1765562049.195,1765562059.195,4.0,14.0,
P12,S1_normal,1,53,1,1,1765816553.442,1765816563.842,,_rich\P12_S1_normal_WZ1.csv,5.0,1765816553.442,1765816563.942,,,
P12,S1_normal,2,53,1,1,1765816570.243,1765816580.643,,_rich\P12_S1_normal_WZ2.csv,5.0,1765816570.243,1765816580.743,,,
P12,S1_normal,3,51,1,1,1765816591.542,1765816601.542,,_rich\P12_S1_normal_WZ3.csv,5.0,1765816591.542,1765816601.542,,,
P12,S2_noWarning,1,36,1,1,1765816114.894,1765816121.894,,_rich\P12_S2_noWarning_WZ1.csv,5.0,1765816111.894,1765816121.894,3.0,10.0,
P12,S2_noWarning,2,51,1,1,1765816149.292,1765816159.292,,_rich\P12_S2_noWarning_WZ2.csv,5.0,1765816149.292,1765816159.292,,,
P12,S2_noWarning,3,41,1,1,1765816185.992,1765816193.992,,_rich\P12_S2_noWarning_WZ3.csv,5.0,1765816181.992,1765816191.992,4.0,12.0,
P12,S3_rainy,1,41,1,1,1765817026.319,1765817034.319,,_rich\P12_S3_rainy_WZ1.csv,5.0,1765817023.319,1765817033.319,3.0,11.0,
P12,S3_rainy,2,46,1,1,1765817049.818,1765817058.818,,_rich\P12_S3_rainy_WZ2.csv,5.0,1765817045.818,1765817056.318,4.0,13.0,
P12,S3_rainy,3,53,1,1,1765817091.818,1765817102.218,,_rich\P12_S3_rainy_WZ3.csv,5.0,1765817091.818,1765817102.318,,,
P12,S4_curve,1,51,1,1,1765815565.034,1765815575.034,,_rich\P12_S4_curve_WZ1.csv,5.0,1765815565.034,1765815575.034,,,
P12,S4_curve,2,51,1,1,1765815576.534,1765815586.534,,_rich\P12_S4_curve_WZ2.csv,5.0,1765815576.534,1765815586.534,,,
P12,S4_curve,3,53,1,1,1765815609.136,1765815619.536,,_rich\P12_S4_curve_WZ3.csv,5.0,1765815609.136,1765815619.636,,,
P12,S5_nighttime,1,51,1,1,1765817509.748,1765817519.748,,_rich\P12_S5_nighttime_WZ1.csv,5.0,1765817507.748,1765817518.248,2.0,12.0,
P12,S5_nighttime,2,51,1,1,1765817525.347,1765817535.347,,_rich\P12_S5_nighttime_WZ2.csv,5.0,1765817525.347,1765817535.347,,,
P12,S5_nighttime,3,98,1,1,1765817545.950,1765817565.350,,_rich\P12_S5_nighttime_WZ3.csv,5.0,1765817545.950,1765817565.450,,,
P12,S6_truck,1,46,1,1,1765817873.777,1765817882.777,,_rich\P12_S6_truck_WZ1.csv,5.0,1765817869.777,1765817879.777,4.0,13.0,
P12,S6_truck,2,41,1,1,1765817902.378,1765817910.378,,_rich\P12_S6_truck_WZ2.csv,5.0,1765817902.378,1765817912.378,0.0,8.0,
P12,S6_truck,3,41,1,1,1765817919.177,1765817927.177,,_rich\P12_S6_truck_WZ3.csv,5.0,1765817915.177,1765817925.677,4.0,12.0,
P13,S1_normal,1,41,1,1,1765825243.226,1765825251.226,,_rich\P13_S1_normal_WZ1.csv,5.0,1765825239.226,1765825249.726,4.0,12.0,
P13,S1_normal,2,53,1,1,1765825256.324,1765825266.724,,_rich\P13_S1_normal_WZ2.csv,5.0,1765825256.324,1765825266.824,,,
P13,S1_normal,3,53,1,1,1765825284.825,1765825295.225,,_rich\P13_S1_normal_WZ3.csv,5.0,1765825284.825,1765825295.325,,,
P13,S2_noWarning,1,41,1,1,1765824848.264,1765824856.264,,_rich\P13_S2_noWarning_WZ1.csv,5.0,1765824844.264,1765824854.764,4.0,12.0,
P13,S2_noWarning,2,56,1,1,1765824870.464,1765824881.464,,_rich\P13_S2_noWarning_WZ2.csv,5.0,1765824868.464,1765824880.964,2.0,13.0,
P13,S2_noWarning,3,41,1,1,1765824897.065,1765824905.065,,_rich\P13_S2_noWarning_WZ3.csv,5.0,1765824892.065,1765824902.565,5.0,13.0,
P13,S3_rainy,1,36,1,1,1765825763.154,1765825770.154,,_rich\P13_S3_rainy_WZ1.csv,5.0,1765825760.154,1765825770.154,3.0,10.0,
P13,S3_rainy,2,51,1,1,1765825786.454,1765825796.454,,_rich\P13_S3_rainy_WZ2.csv,5.0,1765825786.454,1765825796.454,,,
P13,S3_rainy,3,43,1,1,1765825831.854,1765825840.254,,_rich\P13_S3_rainy_WZ3.csv,5.0,1765825829.854,1765825840.354,2.0,10.5,
P13,S4_curve,1,53,1,1,1765824397.730,1765824408.130,,_rich\P13_S4_curve_WZ1.csv,5.0,1765824397.730,1765824408.230,,,
P13,S4_curve,2,58,1,1,1765824424.231,1765824435.631,,_rich\P13_S4_curve_WZ2.csv,5.0,1765824424.231,1765824435.731,,,
P13,S4_curve,3,63,1,1,1765824463.030,1765824475.430,,_rich\P13_S4_curve_WZ3.csv,5.0,1765824463.030,1765824475.530,,,
P13,S5_nighttime,1,51,1,1,1765826358.787,1765826368.787,,_rich\P13_S5_nighttime_WZ1.csv,5.0,1765826356.787,1765826367.287,2.0,12.0,
P13,S5_nighttime,2,51,1,1,1765826384.684,1765826394.684,,_rich\P13_S5_nighttime_WZ2.csv,5.0,1765826384.684,1765826394.684,,,
P13,S5_nighttime,3,86,1,1,1765826407.483,1765826424.483,,_rich\P13_S5_nighttime_WZ3.csv,5.0,1765826407.483,1765826424.483,,,
P13,S6_truck,1,33,1,1,1765826731.646,1765826738.046,,_rich\P13_S6_truck_WZ1.csv,5.0,1765826729.646,1765826738.146,2.0,8.5,
P13,S6_truck,2,56,1,1,1765826765.747,1765826776.747,,_rich\P13_S6_truck_WZ2.csv,5.0,1765826765.747,1765826778.247,0.0,11.0,
P13,S6_truck,3,46,1,1,1765826788.048,1765826797.048,,_rich\P13_S6_truck_WZ3.csv,5.0,1765826784.048,1765826794.548,4.0,13.0,
P14,S1_normal,1,51,1,1,1765909941.932,1765909951.932,,_rich\P14_S1_normal_WZ1.csv,5.0,1765909939.932,1765909949.932,2.0,12.0,
P14,S1_normal,2,53,1,1,1765909953.632,1765909964.032,,_rich\P14_S1_normal_WZ2.csv,5.0,1765909953.632,1765909964.132,,,
P14,S1_normal,3,41,1,1,1765909970.033,1765909978.033,,_rich\P14_S1_normal_WZ3.csv,5.0,1765909968.533,1765909978.533,1.5,9.5,
P14,S2_noWarning,1,41,1,1,1765909600.958,1765909608.958,,_rich\P14_S2_noWarning_WZ1.csv,5.0,1765909596.958,1765909607.458,4.0,12.0,
P14,S2_noWarning,2,53,1,1,1765909623.459,1765909633.859,,_rich\P14_S2_noWarning_WZ2.csv,5.0,1765909623.459,1765909633.959,,,
P14,S2_noWarning,3,38,1,1,1765909650.055,1765909657.455,,_rich\P14_S2_noWarning_WZ3.csv,5.0,1765909645.055,1765909655.055,5.0,12.5,
P14,S3_rainy,1,36,1,1,1765910292.075,1765910299.075,,_rich\P14_S3_rainy_WZ1.csv,5.0,1765910288.075,1765910298.575,4.0,11.0,
P14,S3_rainy,2,46,1,1,1765910314.375,1765910323.375,,_rich\P14_S3_rainy_WZ2.csv,5.0,1765910310.375,1765910322.875,4.0,13.0,
P14,S3_rainy,3,41,1,1,1765910344.475,1765910352.475,,_rich\P14_S3_rainy_WZ3.csv,5.0,1765910343.475,1765910353.975,1.0,9.0,
P14,S4_curve,1,51,1,1,1765909177.694,1765909187.694,,_rich\P14_S4_curve_WZ1.csv,5.0,1765909177.694,1765909187.694,,,
P14,S4_curve,2,53,1,1,1765909205.696,1765909216.096,,_rich\P14_S4_curve_WZ2.csv,5.0,1765909205.696,1765909216.196,,,
P14,S4_curve,3,53,1,1,1765909223.995,1765909234.395,,_rich\P14_S4_curve_WZ3.csv,5.0,1765909223.995,1765909234.495,,,
P14,S5_nighttime,1,43,1,1,1765910675.989,1765910684.389,,_rich\P14_S5_nighttime_WZ1.csv,5.0,1765910671.489,1765910681.989,4.5,13.0,
P14,S5_nighttime,2,51,1,1,1765910695.888,1765910705.888,,_rich\P14_S5_nighttime_WZ2.csv,5.0,1765910695.888,1765910705.888,,,
P14,S5_nighttime,3,53,1,1,1765910711.288,1765910721.688,,_rich\P14_S5_nighttime_WZ3.csv,5.0,1765910711.288,1765910721.788,,,
P14,S6_truck,1,41,1,1,1765911012.516,1765911020.516,,_rich\P14_S6_truck_WZ1.csv,5.0,1765911010.516,1765911021.016,2.0,10.0,
P14,S6_truck,2,36,1,1,1765911025.415,1765911032.415,,_rich\P14_S6_truck_WZ2.csv,5.0,1765911023.415,1765911033.915,2.0,9.0,
P14,S6_truck,3,41,1,1,1765911043.415,1765911051.415,,_rich\P14_S6_truck_WZ3.csv,5.0,1765911039.415,1765911049.915,4.0,12.0,
P15,S1_normal,1,51,1,1,1765916971.238,1765916981.238,,_rich\P15_S1_normal_WZ1.csv,5.0,1765916971.238,1765916981.238,,,
P15,S1_normal,2,53,1,1,1765916990.741,1765917001.141,,_rich\P15_S1_normal_WZ2.csv,5.0,1765916990.741,1765917001.241,,,
P15,S1_normal,3,53,1,1,1765917011.241,1765917021.641,,_rich\P15_S1_normal_WZ3.csv,5.0,1765917011.241,1765917021.741,,,
P15,S2_noWarning,1,51,1,1,1765916599.598,1765916609.598,,_rich\P15_S2_noWarning_WZ1.csv,5.0,1765916595.598,1765916607.598,4.0,14.0,
P15,S2_noWarning,2,51,1,1,1765916622.797,1765916632.797,,_rich\P15_S2_noWarning_WZ2.csv,5.0,1765916622.797,1765916632.797,,,
P15,S2_noWarning,3,56,1,1,1765916655.796,1765916666.796,,_rich\P15_S2_noWarning_WZ3.csv,5.0,1765916651.796,1765916662.296,4.0,15.0,
P15,S3_rainy,1,46,1,1,1765917393.490,1765917402.490,,_rich\P15_S3_rainy_WZ1.csv,5.0,1765917393.490,1765917402.490,,,
P15,S3_rainy,2,61,1,1,1765917419.190,1765917431.190,,_rich\P15_S3_rainy_WZ2.csv,5.0,1765917415.190,1765917425.690,4.0,16.0,
P15,S3_rainy,3,53,1,1,1765917482.390,1765917492.790,,_rich\P15_S3_rainy_WZ3.csv,5.0,1765917482.390,1765917492.890,,,
P15,S4_curve,1,61,1,1,1765916173.557,1765916185.557,,_rich\P15_S4_curve_WZ1.csv,5.0,1765916173.557,1765916185.557,,,
P15,S4_curve,2,51,1,1,1765916202.757,1765916212.757,,_rich\P15_S4_curve_WZ2.csv,5.0,1765916202.757,1765916212.757,,,
P15,S4_curve,3,63,1,1,1765916247.256,1765916259.656,,_rich\P15_S4_curve_WZ3.csv,5.0,1765916247.256,1765916259.756,,,
P15,S5_nighttime,1,51,1,1,1765917885.572,1765917895.572,,_rich\P15_S5_nighttime_WZ1.csv,5.0,1765917882.572,1765917892.572,3.0,13.0,
P15,S5_nighttime,2,53,1,1,1765917912.971,1765917923.371,,_rich\P15_S5_nighttime_WZ2.csv,5.0,1765917912.971,1765917923.471,,,
P15,S5_nighttime,3,96,1,1,1765917932.971,1765917951.971,,_rich\P15_S5_nighttime_WZ3.csv,5.0,1765917932.971,1765917951.971,,,
P15,S6_truck,1,41,1,1,1765918292.164,1765918300.164,,_rich\P15_S6_truck_WZ1.csv,5.0,1765918288.164,1765918298.664,4.0,12.0,
P15,S6_truck,2,46,1,1,1765918322.965,1765918331.965,,_rich\P15_S6_truck_WZ2.csv,5.0,1765918322.965,1765918333.465,0.0,9.0,
P15,S6_truck,3,41,1,1,1765918348.763,1765918356.763,,_rich\P15_S6_truck_WZ3.csv,5.0,1765918344.763,1765918355.263,4.0,12.0,
P16,S1_normal,1,36,1,1,1765923610.965,1765923617.965,,_rich\P16_S1_normal_WZ1.csv,5.0,1765923608.965,1765923618.465,2.0,9.0,
P16,S1_normal,2,53,1,1,1765923650.766,1765923661.166,,_rich\P16_S1_normal_WZ2.csv,5.0,1765923650.766,1765923661.266,,,
P16,S1_normal,3,51,1,1,1765923676.965,1765923686.965,,_rich\P16_S1_normal_WZ3.csv,5.0,1765923676.965,1765923686.965,,,
P16,S2_noWarning,1,46,1,1,1765924001.952,1765924010.952,,_rich\P16_S2_noWarning_WZ1.csv,5.0,1765923998.952,1765924008.952,3.0,12.0,
P16,S2_noWarning,2,51,1,1,1765924016.852,1765924026.852,,_rich\P16_S2_noWarning_WZ2.csv,5.0,1765924016.852,1765924026.852,,,
P16,S2_noWarning,3,46,1,1,1765924047.251,1765924056.251,,_rich\P16_S2_noWarning_WZ3.csv,5.0,1765924043.251,1765924053.751,4.0,13.0,
P16,S3_rainy,1,41,1,1,1765924344.181,1765924352.181,,_rich\P16_S3_rainy_WZ1.csv,5.0,1765924342.181,1765924352.681,2.0,10.0,
P16,S3_rainy,2,41,1,1,1765924370.780,1765924378.780,,_rich\P16_S3_rainy_WZ2.csv,5.0,1765924370.780,1765924378.780,,,
P16,S3_rainy,3,51,1,1,1765924416.080,1765924426.080,,_rich\P16_S3_rainy_WZ3.csv,5.0,1765924416.080,1765924426.080,,,
P16,S4_curve,1,51,1,1,1765923193.971,1765923203.971,,_rich\P16_S4_curve_WZ1.csv,5.0,1765923193.971,1765923203.971,,,
P16,S4_curve,2,48,1,1,1765923203.371,1765923212.771,,_rich\P16_S4_curve_WZ2.csv,5.0,1765923203.371,1765923212.871,,,
P16,S4_curve,3,53,1,1,1765923242.670,1765923253.070,,_rich\P16_S4_curve_WZ3.csv,5.0,1765923242.670,1765923253.170,,,
P16,S5_nighttime,1,46,1,1,1765924779.289,1765924788.289,,_rich\P16_S5_nighttime_WZ1.csv,5.0,1765924775.289,1765924785.789,4.0,13.0,
P16,S5_nighttime,2,51,1,1,1765924796.095,1765924806.095,,_rich\P16_S5_nighttime_WZ2.csv,5.0,1765924796.095,1765924806.095,,,
P16,S5_nighttime,3,51,1,1,1765924810.990,1765924820.990,,_rich\P16_S5_nighttime_WZ3.csv,5.0,1765924810.990,1765924820.990,,,
P16,S6_truck,1,51,1,1,1765922866.252,1765922876.252,,_rich\P16_S6_truck_WZ1.csv,5.0,1765922863.252,1765922873.752,3.0,13.0,
P16,S6_truck,2,53,1,1,1765922902.346,1765922912.746,,_rich\P16_S6_truck_WZ2.csv,5.0,1765922902.346,1765922912.846,,,
P16,S6_truck,3,51,1,1,1765922927.545,1765922937.545,,_rich\P16_S6_truck_WZ3.csv,5.0,1765922923.545,1765922936.045,4.0,14.0,
P17,S1_normal,1,53,1,1,1766000290.117,1766000300.517,,_rich\P17_S1_normal_WZ1.csv,5.0,1766000290.117,1766000300.617,,,
P17,S1_normal,2,53,1,1,1766000306.314,1766000316.714,,_rich\P17_S1_normal_WZ2.csv,5.0,1766000306.314,1766000316.814,,,
P17,S1_normal,3,51,1,1,1766000328.113,1766000338.113,,_rich\P17_S1_normal_WZ3.csv,5.0,1766000328.113,1766000338.113,,,
P17,S2_noWarning,1,51,1,1,1766000679.226,1766000689.226,,_rich\P17_S2_noWarning_WZ1.csv,5.0,1766000675.226,1766000686.226,4.0,14.0,
P17,S2_noWarning,2,53,1,1,1766000700.025,1766000710.425,,_rich\P17_S2_noWarning_WZ2.csv,5.0,1766000700.025,1766000710.525,,,
P17,S2_noWarning,3,46,1,1,1766000725.525,1766000734.525,,_rich\P17_S2_noWarning_WZ3.csv,5.0,1766000721.525,1766000731.525,4.0,13.0,
P17,S3_rainy,1,46,1,1,1766001157.808,1766001166.808,,_rich\P17_S3_rainy_WZ1.csv,5.0,1766001154.808,1766001165.308,3.0,12.0,
P17,S3_rainy,2,46,1,1,1766001181.508,1766001190.508,,_rich\P17_S3_rainy_WZ2.csv,5.0,1766001177.508,1766001190.008,4.0,13.0,
P17,S3_rainy,3,56,1,1,1766001218.809,1766001229.809,,_rich\P17_S3_rainy_WZ3.csv,5.0,1766001218.809,1766001229.809,,,
P17,S4_curve,1,51,1,1,1765999930.210,1765999940.210,,_rich\P17_S4_curve_WZ1.csv,5.0,1765999930.210,1765999940.210,,,
P17,S4_curve,2,51,1,1,1765999940.008,1765999950.008,,_rich\P17_S4_curve_WZ2.csv,5.0,1765999940.008,1765999950.008,,,
P17,S4_curve,3,51,1,1,1765999960.708,1765999970.708,,_rich\P17_S4_curve_WZ3.csv,5.0,1765999960.708,1765999970.708,,,
P17,S5_nighttime,1,46,1,1,1766001545.588,1766001554.588,,_rich\P17_S5_nighttime_WZ1.csv,5.0,1766001541.588,1766001551.588,4.0,13.0,
P17,S5_nighttime,2,53,1,1,1766001571.890,1766001582.290,,_rich\P17_S5_nighttime_WZ2.csv,5.0,1766001571.890,1766001582.390,,,
P17,S5_nighttime,3,53,1,1,1766001590.189,1766001600.589,,_rich\P17_S5_nighttime_WZ3.csv,5.0,1766001590.189,1766001600.689,,,
P17,S6_truck,1,51,1,1,1765999585.316,1765999595.316,,_rich\P17_S6_truck_WZ1.csv,5.0,1765999585.316,1765999595.316,,,
P17,S6_truck,2,63,1,1,1765999607.216,1765999619.616,,_rich\P17_S6_truck_WZ2.csv,5.0,1765999607.216,1765999619.716,,,
P17,S6_truck,3,51,1,1,1765999638.215,1765999648.215,,_rich\P17_S6_truck_WZ3.csv,5.0,1765999638.215,1765999648.215,,,
P18,S1_normal,1,61,1,1,1771526036.512,1771526048.512,,_rich\P18_S1_normal_WZ1.csv,5.0,1771526035.512,1771526047.512,1.0,13.0,
P18,S1_normal,2,53,1,1,1771526052.012,1771526062.412,,_rich\P18_S1_normal_WZ2.csv,5.0,1771526052.012,1771526062.512,,,
P18,S1_normal,3,41,1,1,1771526072.212,1771526080.212,,_rich\P18_S1_normal_WZ3.csv,5.0,1771526070.212,1771526080.212,2.0,10.0,
P18,S2_noWarning,1,36,1,1,1771526333.856,1771526340.856,,_rich\P18_S2_noWarning_WZ1.csv,5.0,1771526330.856,1771526340.856,3.0,10.0,
P18,S2_noWarning,2,51,1,1,1771526343.755,1771526353.755,,_rich\P18_S2_noWarning_WZ2.csv,5.0,1771526343.755,1771526353.755,,,
P18,S2_noWarning,3,53,1,1,1771526359.154,1771526369.554,,_rich\P18_S2_noWarning_WZ3.csv,5.0,1771526359.154,1771526369.654,,,
P18,S3_rainy,1,36,1,1,1771526686.948,1771526693.948,,_rich\P18_S3_rainy_WZ1.csv,5.0,1771526683.948,1771526693.948,3.0,10.0,
P18,S3_rainy,2,53,1,1,1771526721.549,1771526731.949,,_rich\P18_S3_rainy_WZ2.csv,5.0,1771526721.549,1771526732.049,,,
P18,S3_rainy,3,41,1,1,1771526762.648,1771526770.648,,_rich\P18_S3_rainy_WZ3.csv,5.0,1771526760.648,1771526770.648,2.0,10.0,
P18,S4_curve,1,53,1,1,1771525701.178,1771525711.578,,_rich\P18_S4_curve_WZ1.csv,5.0,1771525701.178,1771525711.678,,,
P18,S4_curve,2,53,1,1,1771525707.176,1771525717.576,,_rich\P18_S4_curve_WZ2.csv,5.0,1771525707.176,1771525717.676,,,
P18,S4_curve,3,53,1,1,1771525736.676,1771525747.076,,_rich\P18_S4_curve_WZ3.csv,5.0,1771525736.676,1771525747.176,,,
P18,S5_nighttime,1,46,1,1,1771527144.653,1771527153.653,,_rich\P18_S5_nighttime_WZ1.csv,5.0,1771527141.653,1771527151.653,3.0,12.0,
P18,S5_nighttime,2,53,1,1,1771527170.953,1771527181.353,,_rich\P18_S5_nighttime_WZ2.csv,5.0,1771527170.953,1771527181.453,,,
P18,S5_nighttime,3,143,1,1,1771527182.553,1771527210.953,,_rich\P18_S5_nighttime_WZ3.csv,5.0,1771527182.553,1771527211.053,,,
P18,S6_truck,1,41,1,1,1771525395.881,1771525403.881,,_rich\P18_S6_truck_WZ1.csv,5.0,1771525391.881,1771525401.881,4.0,12.0,
P18,S6_truck,2,51,1,1,1771525429.381,1771525439.381,,_rich\P18_S6_truck_WZ2.csv,5.0,1771525429.381,1771525439.381,,,
P18,S6_truck,3,51,1,1,1771525440.981,1771525450.981,,_rich\P18_S6_truck_WZ3.csv,5.0,1771525440.981,1771525450.981,,,
P19,S1_normal,1,41,1,1,1771612243.370,1771612251.370,,_rich\P19_S1_normal_WZ1.csv,5.0,1771612240.370,1771612250.870,3.0,11.0,
P19,S1_normal,2,51,1,1,1771612258.671,1771612268.671,,_rich\P19_S1_normal_WZ2.csv,5.0,1771612257.171,1771612267.171,1.5,11.5,
P19,S1_normal,3,76,1,1,1771612276.374,1771612291.374,,_rich\P19_S1_normal_WZ3.csv,5.0,1771612273.374,1771612291.374,3.0,18.0,
P19,S2_noWarning,1,51,1,1,1771612634.051,1771612644.051,,_rich\P19_S2_noWarning_WZ1.csv,5.0,1771612634.051,1771612644.051,,,
P19,S2_noWarning,2,53,1,1,1771612662.750,1771612673.150,,_rich\P19_S2_noWarning_WZ2.csv,5.0,1771612662.750,1771612673.250,,,
P19,S2_noWarning,3,78,1,1,1771612686.850,1771612702.250,,_rich\P19_S2_noWarning_WZ3.csv,5.0,1771612686.850,1771612702.350,,,
P19,S3_rainy,1,51,1,1,1771613007.981,1771613017.981,,_rich\P19_S3_rainy_WZ1.csv,5.0,1771613007.981,1771613017.981,,,
P19,S3_rainy,2,46,1,1,1771613055.782,1771613064.782,,_rich\P19_S3_rainy_WZ2.csv,5.0,1771613051.782,1771613063.782,4.0,13.0,
P19,S3_rainy,3,61,1,1,1771613092.982,1771613104.982,,_rich\P19_S3_rainy_WZ3.csv,5.0,1771613090.982,1771613103.982,2.0,14.0,
P19,S4_curve,1,76,1,1,1771611817.161,1771611832.161,,_rich\P19_S4_curve_WZ1.csv,5.0,1771611817.161,1771611832.161,,,
P19,S4_curve,2,53,1,1,1771611844.562,1771611854.962,,_rich\P19_S4_curve_WZ2.csv,5.0,1771611844.562,1771611855.062,,,
P19,S4_curve,3,73,1,1,1771611883.862,1771611898.262,,_rich\P19_S4_curve_WZ3.csv,5.0,1771611883.862,1771611898.362,,,
P19,S5_nighttime,1,51,1,1,1771613423.999,1771613433.999,,_rich\P19_S5_nighttime_WZ1.csv,5.0,1771613422.999,1771613432.999,1.0,11.0,
P19,S5_nighttime,2,41,1,1,1771613454.800,1771613462.800,,_rich\P19_S5_nighttime_WZ2.csv,5.0,1771613452.800,1771613463.800,2.0,10.0,
P19,S5_nighttime,3,101,1,1,1771613473.399,1771613493.399,,_rich\P19_S5_nighttime_WZ3.csv,5.0,1771613469.399,1771613493.899,4.0,24.0,
P19,S6_truck,1,53,1,1,1771611266.716,1771611277.116,,_rich\P19_S6_truck_WZ1.csv,5.0,1771611266.716,1771611277.216,,,
P19,S6_truck,2,83,1,1,1771611295.516,1771611311.916,,_rich\P19_S6_truck_WZ2.csv,5.0,1771611295.516,1771611312.016,,,
P19,S6_truck,3,76,1,1,1771611341.817,1771611356.817,,_rich\P19_S6_truck_WZ3.csv,5.0,1771611341.817,1771611356.817,,,
P20,S1_normal,1,51,1,1,1771619414.451,1771619424.451,,_rich\P20_S1_normal_WZ1.csv,5.0,1771619414.451,1771619424.451,,,
P20,S1_normal,2,53,1,1,1771619435.749,1771619446.149,,_rich\P20_S1_normal_WZ2.csv,5.0,1771619435.749,1771619446.249,,,
P20,S1_normal,3,46,1,1,1771619451.052,1771619460.052,,_rich\P20_S1_normal_WZ3.csv,5.0,1771619446.052,1771619460.052,5.0,14.0,
P20,S2_noWarning,1,53,1,1,1771619760.646,1771619771.046,,_rich\P20_S2_noWarning_WZ1.csv,5.0,1771619760.646,1771619771.146,,,
P20,S2_noWarning,2,68,1,1,1771619789.345,1771619802.745,,_rich\P20_S2_noWarning_WZ2.csv,5.0,1771619789.345,1771619802.845,,,
P20,S2_noWarning,3,58,1,1,1771619832.349,1771619843.749,,_rich\P20_S2_noWarning_WZ3.csv,5.0,1771619832.349,1771619843.849,,,
P20,S3_rainy,1,38,1,1,1771620119.347,1771620126.747,,_rich\P20_S3_rainy_WZ1.csv,5.0,1771620116.847,1771620126.847,2.5,10.0,
P20,S3_rainy,2,76,1,1,1771620137.548,1771620152.548,,_rich\P20_S3_rainy_WZ2.csv,5.0,1771620137.548,1771620152.548,,,
P20,S3_rainy,3,56,1,1,1771620188.850,1771620199.850,,_rich\P20_S3_rainy_WZ3.csv,5.0,1771620185.850,1771620198.850,3.0,14.0,
P20,S4_curve,1,53,1,1,1771619140.763,1771619151.163,,_rich\P20_S4_curve_WZ1.csv,5.0,1771619140.763,1771619151.263,,,
P20,S4_curve,2,51,1,1,1771619148.264,1771619158.264,,_rich\P20_S4_curve_WZ2.csv,5.0,1771619148.264,1771619158.264,,,
P20,S4_curve,3,56,1,1,1771619162.164,1771619173.164,,_rich\P20_S4_curve_WZ3.csv,5.0,1771619162.164,1771619173.164,,,
P20,S5_nighttime,1,51,1,1,1771620516.816,1771620526.816,,_rich\P20_S5_nighttime_WZ1.csv,5.0,1771620513.816,1771620524.316,3.0,13.0,
P20,S5_nighttime,2,56,1,1,1771620534.316,1771620545.316,,_rich\P20_S5_nighttime_WZ2.csv,5.0,1771620534.316,1771620545.316,,,
P20,S5_nighttime,3,116,1,1,1771620553.916,1771620576.916,,_rich\P20_S5_nighttime_WZ3.csv,5.0,1771620550.916,1771620576.916,3.0,26.0,
P20,S6_truck,1,51,1,1,1771618830.186,1771618840.186,,_rich\P20_S6_truck_WZ1.csv,5.0,1771618827.186,1771618837.186,3.0,13.0,
P20,S6_truck,2,53,1,1,1771618857.886,1771618868.286,,_rich\P20_S6_truck_WZ2.csv,5.0,1771618857.886,1771618868.386,,,
P20,S6_truck,3,53,1,1,1771618873.487,1771618883.887,,_rich\P20_S6_truck_WZ3.csv,5.0,1771618873.487,1771618883.987,,,
P21,S1_normal,1,38,1,1,1772051272.774,1772051280.174,,_rich\P21_S1_normal_WZ1.csv,5.0,1772051272.774,1772051280.274,,,
P21,S1_normal,2,56,1,1,1772051318.374,1772051329.374,,_rich\P21_S1_normal_WZ2.csv,5.0,1772051318.374,1772051329.374,,,
P21,S1_normal,3,66,1,1,1772051339.474,1772051352.474,,_rich\P21_S1_normal_WZ3.csv,5.0,1772051336.474,1772051351.974,3.0,16.0,
P21,S2_noWarning,1,53,1,1,1772051778.086,1772051788.486,,_rich\P21_S2_noWarning_WZ1.csv,5.0,1772051778.086,1772051788.586,,,
P21,S2_noWarning,2,58,1,1,1772051812.788,1772051824.188,,_rich\P21_S2_noWarning_WZ2.csv,5.0,1772051812.788,1772051824.288,,,
P21,S2_noWarning,3,73,1,1,1772051852.797,1772051867.197,,_rich\P21_S2_noWarning_WZ3.csv,5.0,1772051852.797,1772051867.297,,,
P21,S3_rainy,1,53,1,1,1772052267.755,1772052278.155,,_rich\P21_S3_rainy_WZ1.csv,5.0,1772052267.755,1772052278.255,,,
P21,S3_rainy,2,46,1,1,1772052311.399,1772052320.399,,_rich\P21_S3_rainy_WZ2.csv,5.0,1772052311.399,1772052320.399,,,
P21,S3_rainy,3,51,1,1,1772052354.855,1772052364.855,,_rich\P21_S3_rainy_WZ3.csv,5.0,1772052351.855,1772052363.855,3.0,13.0,
P21,S4_curve,1,53,1,1,1772052777.949,1772052788.349,,_rich\P21_S4_curve_WZ1.csv,5.0,1772052777.949,1772052788.449,,,
P21,S4_curve,2,51,1,1,1772052812.749,1772052822.749,,_rich\P21_S4_curve_WZ2.csv,5.0,1772052812.749,1772052822.749,,,
P21,S4_curve,3,78,1,1,1772052848.348,1772052863.748,,_rich\P21_S4_curve_WZ3.csv,5.0,1772052848.348,1772052863.848,,,
P21,S5_nighttime,1,51,1,1,1772053212.613,1772053222.613,,_rich\P21_S5_nighttime_WZ1.csv,5.0,1772053210.613,1772053222.113,2.0,12.0,
P21,S5_nighttime,2,58,1,1,1772053232.712,1772053244.112,,_rich\P21_S5_nighttime_WZ2.csv,5.0,1772053232.712,1772053244.212,,,
P21,S5_nighttime,3,96,1,1,1772053251.713,1772053270.713,,_rich\P21_S5_nighttime_WZ3.csv,5.0,1772053248.713,1772053270.713,3.0,22.0,
P21,S6_truck,1,43,1,1,1772053541.969,1772053550.369,,_rich\P21_S6_truck_WZ1.csv,5.0,1772053541.969,1772053550.469,,,
P21,S6_truck,2,51,1,1,1772053586.469,1772053596.469,,_rich\P21_S6_truck_WZ2.csv,5.0,1772053586.469,1772053596.469,,,
P21,S6_truck,3,81,1,1,1772053616.669,1772053632.669,,_rich\P21_S6_truck_WZ3.csv,5.0,1772053616.669,1772053632.669,,,
P22,S1_normal,1,83,1,1,1772058061.790,1772058078.190,,_rich\P22_S1_normal_WZ1.csv,5.0,1772058061.790,1772058078.290,,,
P22,S1_normal,2,106,1,1,1772058101.187,1772058122.187,,_rich\P22_S1_normal_WZ2.csv,5.0,1772058101.187,1772058122.187,,,
P22,S1_normal,3,111,1,1,1772058141.187,1772058163.187,,_rich\P22_S1_normal_WZ3.csv,5.0,1772058138.187,1772058163.187,3.0,25.0,
P22,S2_noWarning,1,96,1,1,1772058560.403,1772058579.403,,_rich\P22_S2_noWarning_WZ1.csv,5.0,1772058560.403,1772058579.403,,,
P22,S2_noWarning,2,81,1,1,1772058615.404,1772058631.404,,_rich\P22_S2_noWarning_WZ2.csv,5.0,1772058615.404,1772058631.404,,,
P22,S2_noWarning,3,51,1,1,1772058690.504,1772058700.504,,_rich\P22_S2_noWarning_WZ3.csv,5.0,1772058687.504,1772058697.504,3.0,13.0,
P22,S3_rainy,1,63,1,1,1772059125.305,1772059137.705,,_rich\P22_S3_rainy_WZ1.csv,5.0,1772059125.305,1772059137.805,,,
P22,S3_rainy,2,53,1,1,1772059171.705,1772059182.105,,_rich\P22_S3_rainy_WZ2.csv,5.0,1772059171.705,1772059182.205,,,
P22,S3_rainy,3,51,1,1,1772059249.909,1772059259.909,,_rich\P22_S3_rainy_WZ3.csv,5.0,1772059246.909,1772059260.409,3.0,13.0,
P22,S4_curve,1,81,1,1,1772059670.601,1772059686.601,,_rich\P22_S4_curve_WZ1.csv,5.0,1772059670.601,1772059686.601,,,
P22,S4_curve,2,106,1,1,1772059699.501,1772059720.501,,_rich\P22_S4_curve_WZ2.csv,5.0,1772059699.501,1772059720.501,,,
P22,S4_curve,3,71,1,1,1772059776.505,1772059790.505,,_rich\P22_S4_curve_WZ3.csv,5.0,1772059776.505,1772059790.505,,,
P22,S5_nighttime,1,53,1,1,1772060227.271,1772060237.671,,_rich\P22_S5_nighttime_WZ1.csv,5.0,1772060227.271,1772060237.771,,,
P22,S5_nighttime,2,78,1,1,1772060274.571,1772060289.971,,_rich\P22_S5_nighttime_WZ2.csv,5.0,1772060274.571,1772060290.071,,,
P22,S5_nighttime,3,96,1,1,1772060308.671,1772060327.671,,_rich\P22_S5_nighttime_WZ3.csv,5.0,1772060305.671,1772060327.671,3.0,22.0,
P22,S6_truck,1,78,1,1,1772060674.319,1772060689.719,,_rich\P22_S6_truck_WZ1.csv,5.0,1772060674.319,1772060689.819,,,
P22,S6_truck,2,61,1,1,1772060709.819,1772060721.819,,_rich\P22_S6_truck_WZ2.csv,5.0,1772060709.819,1772060721.819,,,
P22,S6_truck,3,86,1,1,1772060734.319,1772060751.319,,_rich\P22_S6_truck_WZ3.csv,5.0,1772060734.319,1772060751.319,,,
P23,S1_normal,1,53,1,1,1772123131.109,1772123141.509,,_rich\P23_S1_normal_WZ1.csv,5.0,1772123131.109,1772123141.609,,,
P23,S1_normal,2,51,1,1,1772123152.309,1772123162.309,,_rich\P23_S1_normal_WZ2.csv,5.0,1772123150.309,1772123161.809,2.0,12.0,
P23,S1_normal,3,46,1,1,1772123170.006,1772123179.006,,_rich\P23_S1_normal_WZ3.csv,5.0,1772123167.006,1772123178.006,3.0,12.0,
P23,S2_noWarning,1,53,1,1,1772123741.660,1772123752.060,,_rich\P23_S2_noWarning_WZ1.csv,5.0,1772123741.660,1772123752.160,,,
P23,S2_noWarning,2,41,1,1,1772123759.860,1772123767.860,,_rich\P23_S2_noWarning_WZ2.csv,5.0,1772123756.860,1772123767.360,3.0,11.0,
P23,S2_noWarning,3,73,1,1,1772123778.159,1772123792.559,,_rich\P23_S2_noWarning_WZ3.csv,5.0,1772123778.159,1772123792.659,,,
P23,S3_rainy,1,43,1,1,1772124179.955,1772124188.355,,_rich\P23_S3_rainy_WZ1.csv,5.0,1772124179.955,1772124188.455,,,
P23,S3_rainy,2,53,1,1,1772124220.156,1772124230.556,,_rich\P23_S3_rainy_WZ2.csv,5.0,1772124220.156,1772124230.656,,,
P23,S3_rainy,3,61,1,1,1772124275.713,1772124287.713,,_rich\P23_S3_rainy_WZ3.csv,5.0,1772124272.713,1772124287.713,3.0,15.0,
P23,S4_curve,1,66,1,1,1772124597.752,1772124610.752,,_rich\P23_S4_curve_WZ1.csv,5.0,1772124597.752,1772124610.752,,,
P23,S4_curve,2,58,1,1,1772124631.152,1772124642.552,,_rich\P23_S4_curve_WZ2.csv,5.0,1772124631.152,1772124642.652,,,
P23,S4_curve,3,76,1,1,1772124675.651,1772124690.651,,_rich\P23_S4_curve_WZ3.csv,5.0,1772124672.651,1772124690.651,3.0,18.0,
P23,S5_nighttime,1,51,1,1,1772125010.783,1772125020.783,,_rich\P23_S5_nighttime_WZ1.csv,5.0,1772125010.783,1772125020.783,,,
P23,S5_nighttime,2,108,1,1,1772125036.484,1772125057.884,,_rich\P23_S5_nighttime_WZ2.csv,5.0,1772125033.984,1772125057.484,2.5,24.0,
P23,S5_nighttime,3,76,1,1,1772125072.584,1772125087.584,,_rich\P23_S5_nighttime_WZ3.csv,5.0,1772125069.584,1772125087.084,3.0,18.0,
P23,S6_truck,1,51,1,1,1772125400.643,1772125410.643,,_rich\P23_S6_truck_WZ1.csv,5.0,1772125400.643,1772125410.643,,,
P23,S6_truck,2,66,1,1,1772125430.442,1772125443.442,,_rich\P23_S6_truck_WZ2.csv,5.0,1772125430.442,1772125443.442,,,
P23,S6_truck,3,98,1,1,1772125471.942,1772125491.342,,_rich\P23_S6_truck_WZ3.csv,5.0,1772125471.942,1772125491.442,,,
P24,S1_normal,1,51,1,1,1772130799.727,1772130809.727,,_rich\P24_S1_normal_WZ1.csv,5.0,1772130799.727,1772130809.727,,,
P24,S1_normal,2,58,1,1,1772130835.728,1772130847.128,,_rich\P24_S1_normal_WZ2.csv,5.0,1772130835.728,1772130847.228,,,
P24,S1_normal,3,81,1,1,1772130859.830,1772130875.830,,_rich\P24_S1_normal_WZ3.csv,5.0,1772130856.830,1772130876.330,3.0,19.0,
P24,S2_noWarning,1,53,1,1,1772131213.868,1772131224.268,,_rich\P24_S2_noWarning_WZ1.csv,5.0,1772131213.868,1772131224.368,,,
P24,S2_noWarning,2,51,1,1,1772131239.369,1772131249.369,,_rich\P24_S2_noWarning_WZ2.csv,5.0,1772131239.369,1772131249.369,,,
P24,S2_noWarning,3,78,1,1,1772131259.469,1772131274.869,,_rich\P24_S2_noWarning_WZ3.csv,5.0,1772131259.469,1772131274.969,,,
P24,S3_rainy,1,46,1,1,1772131596.175,1772131605.175,,_rich\P24_S3_rainy_WZ1.csv,5.0,1772131596.175,1772131605.175,,,
P24,S3_rainy,2,51,1,1,1772131636.175,1772131646.175,,_rich\P24_S3_rainy_WZ2.csv,5.0,1772131636.175,1772131646.175,,,
P24,S3_rainy,3,41,1,1,1772131683.774,1772131691.774,,_rich\P24_S3_rainy_WZ3.csv,5.0,1772131681.774,1772131691.774,2.0,10.0,
P24,S4_curve,1,51,1,1,1772132144.984,1772132154.984,,_rich\P24_S4_curve_WZ1.csv,5.0,1772132144.984,1772132154.984,,,
P24,S4_curve,2,63,1,1,1772132174.982,1772132187.382,,_rich\P24_S4_curve_WZ2.csv,5.0,1772132174.982,1772132187.482,,,
P24,S4_curve,3,58,1,1,1772132199.781,1772132211.181,,_rich\P24_S4_curve_WZ3.csv,5.0,1772132199.781,1772132211.281,,,
P24,S5_nighttime,1,41,1,1,1772132489.710,1772132497.710,,_rich\P24_S5_nighttime_WZ1.csv,5.0,1772132486.710,1772132497.210,3.0,11.0,
P24,S5_nighttime,2,66,1,1,1772132507.710,1772132520.710,,_rich\P24_S5_nighttime_WZ2.csv,5.0,1772132507.710,1772132520.710,,,
P24,S5_nighttime,3,131,1,1,1772132530.910,1772132556.910,,_rich\P24_S5_nighttime_WZ3.csv,5.0,1772132527.910,1772132556.910,3.0,29.0,
P24,S6_truck,1,51,1,1,1772132874.465,1772132884.465,,_rich\P24_S6_truck_WZ1.csv,5.0,1772132874.465,1772132884.465,,,
P24,S6_truck,2,63,1,1,1772132909.264,1772132921.664,,_rich\P24_S6_truck_WZ2.csv,5.0,1772132909.264,1772132921.764,,,
P24,S6_truck,3,71,1,1,1772132952.666,1772132966.666,,_rich\P24_S6_truck_WZ3.csv,5.0,1772132952.666,1772132966.666,,,
P25,S1_normal,1,51,1,1,1772209582.066,1772209592.066,,_rich\P25_S1_normal_WZ1.csv,5.0,1772209582.066,1772209592.066,,,
P25,S1_normal,2,53,1,1,1772209600.864,1772209611.264,,_rich\P25_S1_normal_WZ2.csv,5.0,1772209600.864,1772209611.364,,,
P25,S1_normal,3,61,1,1,1772209624.367,1772209636.367,,_rich\P25_S1_normal_WZ3.csv,5.0,1772209622.367,1772209636.367,2.0,14.0,
P25,S2_noWarning,1,51,1,1,1772209981.704,1772209991.704,,_rich\P25_S2_noWarning_WZ1.csv,5.0,1772209981.704,1772209991.704,,,
P25,S2_noWarning,2,51,1,1,1772210021.803,1772210031.803,,_rich\P25_S2_noWarning_WZ2.csv,5.0,1772210021.803,1772210031.803,,,
P25,S2_noWarning,3,68,1,1,1772210062.004,1772210075.404,,_rich\P25_S2_noWarning_WZ3.csv,5.0,1772210062.004,1772210075.504,,,
P25,S3_rainy,1,41,1,1,1772210402.632,1772210410.632,,_rich\P25_S3_rainy_WZ1.csv,5.0,1772210398.632,1772210409.632,4.0,12.0,
P25,S3_rainy,2,36,1,1,1772210436.028,1772210443.028,,_rich\P25_S3_rainy_WZ2.csv,5.0,1772210430.028,1772210441.528,6.0,13.0,
P25,S3_rainy,3,51,1,1,1772210477.428,1772210487.428,,_rich\P25_S3_rainy_WZ3.csv,5.0,1772210474.428,1772210486.928,3.0,13.0,
P25,S4_curve,1,53,1,1,1772210834.752,1772210845.152,,_rich\P25_S4_curve_WZ1.csv,5.0,1772210834.752,1772210845.252,,,
P25,S4_curve,2,53,1,1,1772210846.048,1772210856.448,,_rich\P25_S4_curve_WZ2.csv,5.0,1772210846.048,1772210856.548,,,
P25,S4_curve,3,86,1,1,1772210879.448,1772210896.448,,_rich\P25_S4_curve_WZ3.csv,5.0,1772210879.448,1772210896.448,,,
P25,S5_nighttime,1,51,1,1,1772211292.230,1772211302.230,,_rich\P25_S5_nighttime_WZ1.csv,5.0,1772211290.230,1772211300.230,2.0,12.0,
P25,S5_nighttime,2,61,1,1,1772211322.831,1772211334.831,,_rich\P25_S5_nighttime_WZ2.csv,5.0,1772211322.831,1772211334.831,,,
P25,S5_nighttime,3,76,1,1,1772211346.731,1772211361.731,,_rich\P25_S5_nighttime_WZ3.csv,5.0,1772211344.731,1772211361.231,2.0,17.0,
P25,S6_truck,1,46,1,1,1772211669.285,1772211678.285,,_rich\P25_S6_truck_WZ1.csv,5.0,1772211669.285,1772211678.285,,,
P25,S6_truck,2,58,1,1,1772211715.086,1772211726.486,,_rich\P25_S6_truck_WZ2.csv,5.0,1772211715.086,1772211726.586,,,
P25,S6_truck,3,81,1,1,1772211744.785,1772211760.785,,_rich\P25_S6_truck_WZ3.csv,5.0,1772211744.785,1772211760.785,,,
P26,S1_normal,1,66,1,1,1772224312.705,1772224325.705,,_rich\P26_S1_normal_WZ1.csv,5.0,1772224312.705,1772224325.705,,,
P26,S1_normal,2,53,1,1,1772224341.504,1772224351.904,,_rich\P26_S1_normal_WZ2.csv,5.0,1772224341.504,1772224352.004,,,
P26,S1_normal,3,41,1,1,1772224357.305,1772224365.305,,_rich\P26_S1_normal_WZ3.csv,5.0,1772224353.305,1772224364.805,4.0,12.0,
P26,S2_noWarning,1,53,1,1,1772223935.173,1772223945.573,,_rich\P26_S2_noWarning_WZ1.csv,5.0,1772223935.173,1772223945.673,,,
P26,S2_noWarning,2,51,1,1,1772223962.373,1772223972.373,,_rich\P26_S2_noWarning_WZ2.csv,5.0,1772223962.373,1772223972.373,,,
P26,S2_noWarning,3,81,1,1,1772223986.473,1772224002.473,,_rich\P26_S2_noWarning_WZ3.csv,5.0,1772223986.473,1772224002.473,,,
P26,S3_rainy,1,51,1,1,1772224764.901,1772224774.901,,_rich\P26_S3_rainy_WZ1.csv,5.0,1772224762.901,1772224774.401,2.0,12.0,
P26,S3_rainy,2,46,1,1,1772224792.803,1772224801.803,,_rich\P26_S3_rainy_WZ2.csv,5.0,1772224788.803,1772224799.803,4.0,13.0,
P26,S3_rainy,3,51,1,1,1772224829.400,1772224839.400,,_rich\P26_S3_rainy_WZ3.csv,5.0,1772224827.400,1772224839.400,2.0,12.0,
P26,S4_curve,1,53,1,1,1772225591.579,1772225601.979,,_rich\P26_S4_curve_WZ1.csv,5.0,1772225591.579,1772225602.079,,,
P26,S4_curve,2,53,1,1,1772225601.880,1772225612.280,,_rich\P26_S4_curve_WZ2.csv,5.0,1772225601.880,1772225612.380,,,
P26,S4_curve,3,108,1,1,1772225628.582,1772225649.982,,_rich\P26_S4_curve_WZ3.csv,5.0,1772225628.582,1772225650.082,,,
P26,S5_nighttime,1,51,1,1,1772226003.709,1772226013.709,,_rich\P26_S5_nighttime_WZ1.csv,5.0,1772226001.709,1772226011.709,2.0,12.0,
P26,S5_nighttime,2,58,1,1,1772226022.708,1772226034.108,,_rich\P26_S5_nighttime_WZ2.csv,5.0,1772226020.208,1772226034.208,2.5,14.0,
P26,S5_nighttime,3,71,1,1,1772226045.910,1772226059.910,,_rich\P26_S5_nighttime_WZ3.csv,5.0,1772226042.910,1772226059.910,3.0,17.0,
P26,S6_truck,1,56,1,1,1772225217.917,1772225228.917,,_rich\P26_S6_truck_WZ1.csv,5.0,1772225217.917,1772225228.917,,,
P26,S6_truck,2,56,1,1,1772225245.716,1772225256.716,,_rich\P26_S6_truck_WZ2.csv,5.0,1772225245.716,1772225256.716,,,
P26,S6_truck,3,86,1,1,1772225282.018,1772225299.018,,_rich\P26_S6_truck_WZ3.csv,5.0,1772225282.018,1772225299.018,,,
P27,S1_normal,1,46,1,1,1772493016.038,1772493025.038,,_rich\P27_S1_normal_WZ1.csv,5.0,1772493014.038,1772493024.038,2.0,11.0,
P27,S1_normal,2,51,1,1,1772493030.539,1772493040.539,,_rich\P27_S1_normal_WZ2.csv,5.0,1772493029.539,1772493040.039,1.0,11.0,
P27,S1_normal,3,56,1,1,1772493053.839,1772493064.839,,_rich\P27_S1_normal_WZ3.csv,5.0,1772493051.839,1772493065.339,2.0,13.0,
P27,S2_noWarning,1,81,1,1,1772492650.429,1772492666.429,,_rich\P27_S2_noWarning_WZ1.csv,5.0,1772492650.429,1772492666.429,,,
P27,S2_noWarning,2,51,1,1,1772492698.529,1772492708.529,,_rich\P27_S2_noWarning_WZ2.csv,5.0,1772492698.529,1772492708.529,,,
P27,S2_noWarning,3,116,1,1,1772492725.929,1772492748.929,,_rich\P27_S2_noWarning_WZ3.csv,5.0,1772492725.929,1772492748.929,,,
P27,S3_rainy,1,36,1,1,1772493394.125,1772493401.125,,_rich\P27_S3_rainy_WZ1.csv,5.0,1772493390.125,1772493400.125,4.0,11.0,
P27,S3_rainy,2,53,1,1,1772493429.027,1772493439.427,,_rich\P27_S3_rainy_WZ2.csv,5.0,1772493429.027,1772493439.527,,,
P27,S3_rainy,3,61,1,1,1772493506.525,1772493518.525,,_rich\P27_S3_rainy_WZ3.csv,5.0,1772493504.525,1772493519.025,2.0,14.0,
P27,S4_curve,1,51,1,1,1772494378.778,1772494388.778,,_rich\P27_S4_curve_WZ1.csv,5.0,1772494378.778,1772494388.778,,,
P27,S4_curve,2,53,1,1,1772494387.477,1772494397.877,,_rich\P27_S4_curve_WZ2.csv,5.0,1772494387.477,1772494397.977,,,
P27,S4_curve,3,86,1,1,1772494424.577,1772494441.577,,_rich\P27_S4_curve_WZ3.csv,5.0,1772494424.577,1772494441.577,,,
P27,S5_nighttime,1,46,1,1,1772494782.763,1772494791.763,,_rich\P27_S5_nighttime_WZ1.csv,5.0,1772494779.763,1772494790.263,3.0,12.0,
P27,S5_nighttime,2,56,1,1,1772494809.964,1772494820.964,,_rich\P27_S5_nighttime_WZ2.csv,5.0,1772494809.964,1772494820.964,,,
P27,S5_nighttime,3,96,1,1,1772494830.664,1772494849.664,,_rich\P27_S5_nighttime_WZ3.csv,5.0,1772494827.664,1772494849.664,3.0,22.0,
P27,S6_truck,1,51,1,1,1772493970.492,1772493980.492,,_rich\P27_S6_truck_WZ1.csv,5.0,1772493970.492,1772493980.492,,,
P27,S6_truck,2,76,1,1,1772494002.291,1772494017.291,,_rich\P27_S6_truck_WZ2.csv,5.0,1772494002.291,1772494017.291,,,
P27,S6_truck,3,76,1,1,1772494046.291,1772494061.291,,_rich\P27_S6_truck_WZ3.csv,5.0,1772494046.291,1772494061.291,,,
P28,S1_normal,1,51,1,1,1772556891.771,1772556901.771,,_rich\P28_S1_normal_WZ1.csv,5.0,1772556888.771,1772556900.771,3.0,13.0,
P28,S1_normal,2,51,1,1,1772556910.874,1772556920.874,,_rich\P28_S1_normal_WZ2.csv,5.0,1772556910.874,1772556920.874,,,
P28,S1_normal,3,51,1,1,1772556929.873,1772556939.873,,_rich\P28_S1_normal_WZ3.csv,5.0,1772556927.873,1772556940.873,2.0,12.0,
P28,S2_noWarning,1,66,1,1,1772556521.405,1772556534.405,,_rich\P28_S2_noWarning_WZ1.csv,5.0,1772556521.405,1772556534.405,,,
P28,S2_noWarning,2,51,1,1,1772556576.006,1772556586.006,,_rich\P28_S2_noWarning_WZ2.csv,5.0,1772556576.006,1772556586.006,,,
P28,S2_noWarning,3,83,1,1,1772556603.905,1772556620.305,,_rich\P28_S2_noWarning_WZ3.csv,5.0,1772556603.905,1772556620.405,,,
P28,S3_rainy,1,46,1,1,1772557271.675,1772557280.675,,_rich\P28_S3_rainy_WZ1.csv,5.0,1772557269.675,1772557279.675,2.0,11.0,
P28,S3_rainy,2,46,1,1,1772557311.575,1772557320.575,,_rich\P28_S3_rainy_WZ2.csv,5.0,1772557307.575,1772557317.575,4.0,13.0,
P28,S3_rainy,3,46,1,1,1772557349.075,1772557358.075,,_rich\P28_S3_rainy_WZ3.csv,5.0,1772557346.075,1772557357.575,3.0,12.0,
P28,S4_curve,1,76,1,1,1772558031.600,1772558046.600,,_rich\P28_S4_curve_WZ1.csv,5.0,1772558031.600,1772558046.600,,,
P28,S4_curve,2,61,1,1,1772558068.096,1772558080.096,,_rich\P28_S4_curve_WZ2.csv,5.0,1772558068.096,1772558080.096,,,
P28,S4_curve,3,88,1,1,1772558116.496,1772558133.896,,_rich\P28_S4_curve_WZ3.csv,5.0,1772558116.496,1772558133.996,,,
P28,S5_nighttime,1,51,1,1,1772558434.647,1772558444.647,,_rich\P28_S5_nighttime_WZ1.csv,5.0,1772558431.647,1772558441.647,3.0,13.0,
P28,S5_nighttime,2,51,1,1,1772558462.348,1772558472.348,,_rich\P28_S5_nighttime_WZ2.csv,5.0,1772558462.348,1772558472.348,,,
P28,S5_nighttime,3,111,1,1,1772558480.747,1772558502.747,,_rich\P28_S5_nighttime_WZ3.csv,5.0,1772558477.747,1772558502.247,3.0,25.0,
P28,S6_truck,1,53,1,1,1772557678.384,1772557688.784,,_rich\P28_S6_truck_WZ1.csv,5.0,1772557678.384,1772557688.884,,,
P28,S6_truck,2,56,1,1,1772557716.584,1772557727.584,,_rich\P28_S6_truck_WZ2.csv,5.0,1772557716.584,1772557727.584,,,
P28,S6_truck,3,76,1,1,1772557755.585,1772557770.585,,_rich\P28_S6_truck_WZ3.csv,5.0,1772557755.585,1772557770.585,,,
P29,S1_normal,1,53,1,1,1772561073.645,1772561084.045,,_rich\P29_S1_normal_WZ1.csv,5.0,1772561073.645,1772561084.145,,,
P29,S1_normal,2,53,1,1,1772561096.346,1772561106.746,,_rich\P29_S1_normal_WZ2.csv,5.0,1772561096.346,1772561106.846,,,
P29,S1_normal,3,76,1,1,1772561119.046,1772561134.046,,_rich\P29_S1_normal_WZ3.csv,5.0,1772561116.046,1772561134.546,3.0,18.0,
P29,S2_noWarning,1,73,1,1,1772560565.718,1772560580.118,,_rich\P29_S2_noWarning_WZ1.csv,5.0,1772560565.718,1772560580.218,,,
P29,S2_noWarning,2,53,1,1,1772560643.021,1772560653.421,,_rich\P29_S2_noWarning_WZ2.csv,5.0,1772560643.021,1772560653.521,,,
P29,S2_noWarning,3,113,1,1,1772560678.118,1772560700.518,,_rich\P29_S2_noWarning_WZ3.csv,5.0,1772560678.118,1772560700.618,,,
P29,S3_rainy,1,68,1,1,1772561467.544,1772561480.944,,_rich\P29_S3_rainy_WZ1.csv,5.0,1772561467.544,1772561481.044,,,
P29,S3_rainy,2,51,1,1,1772561525.343,1772561535.343,,_rich\P29_S3_rainy_WZ2.csv,5.0,1772561522.343,1772561533.343,3.0,13.0,
P29,S3_rainy,3,61,1,1,1772561596.143,1772561608.143,,_rich\P29_S3_rainy_WZ3.csv,5.0,1772561592.143,1772561608.143,4.0,16.0,
P29,S4_curve,1,71,1,1,1772562377.824,1772562391.824,,_rich\P29_S4_curve_WZ1.csv,5.0,1772562377.824,1772562391.824,,,
P29,S4_curve,2,73,1,1,1772562415.824,1772562430.224,,_rich\P29_S4_curve_WZ2.csv,5.0,1772562415.824,1772562430.324,,,
P29,S4_curve,3,108,1,1,1772562461.023,1772562482.423,,_rich\P29_S4_curve_WZ3.csv,5.0,1772562461.023,1772562482.523,,,
P29,S5_nighttime,1,46,1,1,1772562810.433,1772562819.433,,_rich\P29_S5_nighttime_WZ1.csv,5.0,1772562807.433,1772562817.933,3.0,12.0,
P29,S5_nighttime,2,51,1,1,1772562840.034,1772562850.034,,_rich\P29_S5_nighttime_WZ2.csv,5.0,1772562840.034,1772562850.034,,,
P29,S5_nighttime,3,81,1,1,1772562859.534,1772562875.534,,_rich\P29_S5_nighttime_WZ3.csv,5.0,1772562857.534,1772562875.534,2.0,18.0,
P29,S6_truck,1,53,1,1,1772561914.843,1772561925.243,,_rich\P29_S6_truck_WZ1.csv,5.0,1772561914.843,1772561925.343,,,
P29,S6_truck,2,63,1,1,1772561951.543,1772561963.943,,_rich\P29_S6_truck_WZ2.csv,5.0,1772561951.543,1772561964.043,,,
P29,S6_truck,3,106,1,1,1772561991.046,1772562012.046,,_rich\P29_S6_truck_WZ3.csv,5.0,1772561991.046,1772562012.046,,,
P2,S1_normal,1,53,1,1,1764105175.747,1764105186.147,,_rich\P2_S1_normal_WZ1.csv,5.0,1764105175.747,1764105186.247,,,
P2,S1_normal,2,53,1,1,1764105201.645,1764105212.045,,_rich\P2_S1_normal_WZ2.csv,5.0,1764105201.645,1764105212.145,,,
P2,S1_normal,3,51,1,1,1764105222.443,1764105232.443,,_rich\P2_S1_normal_WZ3.csv,5.0,1764105222.443,1764105232.443,,,
P2,S2_noWarning,1,46,1,1,1764105666.869,1764105675.869,,_rich\P2_S2_noWarning_WZ1.csv,5.0,1764105661.869,1764105674.369,5.0,14.0,
P2,S2_noWarning,2,53,1,1,1764105696.769,1764105707.169,,_rich\P2_S2_noWarning_WZ2.csv,5.0,1764105696.769,1764105707.269,,,
P2,S2_noWarning,3,51,1,1,1764105752.568,1764105762.568,,_rich\P2_S2_noWarning_WZ3.csv,5.0,1764105748.568,1764105759.068,4.0,14.0,
P2,S3_rainy,1,51,1,1,1764106123.395,1764106133.395,,_rich\P2_S3_rainy_WZ1.csv,5.0,1764106123.395,1764106133.395,,,
P2,S3_rainy,2,53,1,1,1764106162.696,1764106173.096,,_rich\P2_S3_rainy_WZ2.csv,5.0,1764106162.696,1764106173.196,,,
P2,S3_rainy,3,53,1,1,1764106210.203,1764106220.603,,_rich\P2_S3_rainy_WZ3.csv,5.0,1764106210.203,1764106220.703,,,
P2,S4_curve,1,51,1,1,1764106629.156,1764106639.156,,_rich\P2_S4_curve_WZ1.csv,5.0,1764106629.156,1764106639.156,,,
P2,S4_curve,2,53,1,1,1764106649.656,1764106660.056,,_rich\P2_S4_curve_WZ2.csv,5.0,1764106649.656,1764106660.156,,,
P2,S4_curve,3,53,1,1,1764106671.956,1764106682.356,,_rich\P2_S4_curve_WZ3.csv,5.0,1764106671.956,1764106682.456,,,
P2,S5_nighttime,1,51,1,1,1764107122.937,1764107132.937,,_rich\P2_S5_nighttime_WZ1.csv,5.0,1764107122.937,1764107132.937,,,
P2,S5_nighttime,2,71,1,1,1764107148.337,1764107162.337,,_rich\P2_S5_nighttime_WZ2.csv,5.0,1764107148.337,1764107162.337,,,
P2,S5_nighttime,3,86,1,1,1764107174.238,1764107191.238,,_rich\P2_S5_nighttime_WZ3.csv,5.0,1764107174.238,1764107191.238,,,
P2,S6_truck,1,66,1,1,1764107583.046,1764107596.046,,_rich\P2_S6_truck_WZ1.csv,5.0,1764107580.046,1764107591.546,3.0,16.0,
P2,S6_truck,2,56,1,1,1764107625.046,1764107636.046,,_rich\P2_S6_truck_WZ2.csv,5.0,1764107625.046,1764107636.046,,,
P2,S6_truck,3,61,1,1,1764107662.045,1764107674.045,,_rich\P2_S6_truck_WZ3.csv,5.0,1764107660.045,1764107670.045,2.0,14.0,
P30,S1_normal,1,86,1,1,1772658958.442,1772658975.442,,_rich\P30_S1_normal_WZ1.csv,5.0,1772658954.442,1772658975.942,4.0,21.0,
P30,S1_normal,2,81,1,1,1772658994.446,1772659010.446,,_rich\P30_S1_normal_WZ2.csv,5.0,1772658991.446,1772659010.446,3.0,19.0,
P30,S1_normal,3,116,1,1,1772659026.642,1772659049.642,,_rich\P30_S1_normal_WZ3.csv,5.0,1772659024.642,1772659049.642,2.0,25.0,
P30,S2_noWarning,1,53,1,1,1772658514.996,1772658525.396,,_rich\P30_S2_noWarning_WZ1.csv,5.0,1772658514.996,1772658525.496,,,
P30,S2_noWarning,2,76,1,1,1772658548.497,1772658563.497,,_rich\P30_S2_noWarning_WZ2.csv,5.0,1772658545.497,1772658561.497,3.0,18.0,
P30,S2_noWarning,3,106,1,1,1772658586.997,1772658607.997,,_rich\P30_S2_noWarning_WZ3.csv,5.0,1772658586.997,1772658607.997,,,
P30,S3_rainy,1,51,1,1,1772659380.265,1772659390.265,,_rich\P30_S3_rainy_WZ1.csv,5.0,1772659376.265,1772659390.765,4.0,14.0,
P30,S3_rainy,2,61,1,1,1772659415.663,1772659427.663,,_rich\P30_S3_rainy_WZ2.csv,5.0,1772659411.663,1772659427.163,4.0,16.0,
P30,S3_rainy,3,96,1,1,1772659472.664,1772659491.664,,_rich\P30_S3_rainy_WZ3.csv,5.0,1772659468.664,1772659491.164,4.0,23.0,
P30,S4_curve,1,56,1,1,1772661271.054,1772661282.054,,_rich\P30_S4_curve_WZ1.csv,5.0,1772661271.054,1772661282.054,,,
P30,S4_curve,2,58,1,1,1772661285.854,1772661297.254,,_rich\P30_S4_curve_WZ2.csv,5.0,1772661285.854,1772661297.354,,,
P30,S4_curve,3,98,1,1,1772661309.754,1772661329.154,,_rich\P30_S4_curve_WZ3.csv,5.0,1772661309.754,1772661329.254,,,
P30,S5_nighttime,1,61,1,1,1772661620.767,1772661632.767,,_rich\P30_S5_nighttime_WZ1.csv,5.0,1772661616.767,1772661631.267,4.0,16.0,
P30,S5_nighttime,2,71,1,1,1772661645.968,1772661659.968,,_rich\P30_S5_nighttime_WZ2.csv,5.0,1772661645.968,1772661659.968,,,
P30,S5_nighttime,3,96,1,1,1772661674.468,1772661693.468,,_rich\P30_S5_nighttime_WZ3.csv,5.0,1772661670.468,1772661693.468,4.0,23.0,
P30,S6_truck,1,56,1,1,1772660885.149,1772660896.149,,_rich\P30_S6_truck_WZ1.csv,5.0,1772660885.149,1772660896.149,,,
P30,S6_truck,2,68,1,1,1772660918.048,1772660931.448,,_rich\P30_S6_truck_WZ2.csv,5.0,1772660918.048,1772660931.548,,,
P30,S6_truck,3,116,1,1,1772660948.747,1772660971.747,,_rich\P30_S6_truck_WZ3.csv,5.0,1772660948.747,1772660971.747,,,
P31,S1_normal,1,66,1,1,1772736494.662,1772736507.662,,_rich\P31_S1_normal_WZ1.csv,5.0,1772736494.662,1772736507.662,,,
P31,S1_normal,2,51,1,1,1772736523.563,1772736533.563,,_rich\P31_S1_normal_WZ2.csv,5.0,1772736520.563,1772736532.063,3.0,13.0,
P31,S1_normal,3,56,1,1,1772736561.788,1772736572.788,,_rich\P31_S1_normal_WZ3.csv,5.0,1772736561.788,1772736572.788,,,
P31,S2_noWarning,1,51,1,1,1772736098.923,1772736108.923,,_rich\P31_S2_noWarning_WZ1.csv,5.0,1772736098.923,1772736108.923,,,
P31,S2_noWarning,2,56,1,1,1772736128.722,1772736139.722,,_rich\P31_S2_noWarning_WZ2.csv,5.0,1772736128.722,1772736139.722,,,
P31,S2_noWarning,3,91,1,1,1772736150.922,1772736168.922,,_rich\P31_S2_noWarning_WZ3.csv,5.0,1772736150.922,1772736168.922,,,
P31,S3_rainy,1,36,1,1,1772736941.084,1772736948.084,,_rich\P31_S3_rainy_WZ1.csv,5.0,1772736938.084,1772736948.084,3.0,10.0,
P31,S3_rainy,2,51,1,1,1772736977.048,1772736987.048,,_rich\P31_S3_rainy_WZ2.csv,5.0,1772736977.048,1772736987.048,,,
P31,S3_rainy,3,46,1,1,1772737026.849,1772737035.849,,_rich\P31_S3_rainy_WZ3.csv,5.0,1772737022.849,1772737035.849,4.0,13.0,
P31,S4_curve,1,53,1,1,1772735680.201,1772735690.601,,_rich\P31_S4_curve_WZ1.csv,5.0,1772735680.201,1772735690.701,,,
P31,S4_curve,2,53,1,1,1772735711.198,1772735721.598,,_rich\P31_S4_curve_WZ2.csv,5.0,1772735711.198,1772735721.698,,,
P31,S4_curve,3,66,1,1,1772735748.803,1772735761.803,,_rich\P31_S4_curve_WZ3.csv,5.0,1772735748.803,1772735761.803,,,
P31,S5_nighttime,1,46,1,1,1772735176.878,1772735185.878,,_rich\P31_S5_nighttime_WZ1.csv,5.0,1772735173.878,1772735184.378,3.0,12.0,
P31,S5_nighttime,2,51,1,1,1772735204.877,1772735214.877,,_rich\P31_S5_nighttime_WZ2.csv,5.0,1772735201.877,1772735213.877,3.0,13.0,
P31,S5_nighttime,3,91,1,1,1772735224.079,1772735242.079,,_rich\P31_S5_nighttime_WZ3.csv,5.0,1772735221.079,1772735241.579,3.0,21.0,
P31,S6_truck,1,51,1,1,1772737340.548,1772737350.548,,_rich\P31_S6_truck_WZ1.csv,5.0,1772737340.548,1772737350.548,,,
P31,S6_truck,2,51,1,1,1772737376.149,1772737386.149,,_rich\P31_S6_truck_WZ2.csv,5.0,1772737376.149,1772737386.149,,,
P31,S6_truck,3,81,1,1,1772737418.148,1772737434.148,,_rich\P31_S6_truck_WZ3.csv,5.0,1772737418.148,1772737434.148,,,
P32,S1_normal,1,53,1,1,1773250873.947,1773250884.347,,_rich\P32_S1_normal_WZ1.csv,5.0,1773250873.947,1773250884.447,,,
P32,S1_normal,2,46,1,1,1773250893.445,1773250902.445,,_rich\P32_S1_normal_WZ2.csv,5.0,1773250891.445,1773250901.445,2.0,11.0,
P32,S1_normal,3,51,1,1,1773250914.647,1773250924.647,,_rich\P32_S1_normal_WZ3.csv,5.0,1773250914.647,1773250924.647,,,
P32,S2_noWarning,1,53,1,1,1773250470.274,1773250480.674,,_rich\P32_S2_noWarning_WZ1.csv,5.0,1773250470.274,1773250480.774,,,
P32,S2_noWarning,2,56,1,1,1773250505.975,1773250516.975,,_rich\P32_S2_noWarning_WZ2.csv,5.0,1773250503.975,1773250516.475,2.0,13.0,
P32,S2_noWarning,3,98,1,1,1773250548.677,1773250568.077,,_rich\P32_S2_noWarning_WZ3.csv,5.0,1773250548.677,1773250568.177,,,
P32,S3_rainy,1,36,1,1,1773251252.810,1773251259.810,,_rich\P32_S3_rainy_WZ1.csv,5.0,1773251249.810,1773251259.810,3.0,10.0,
P32,S3_rainy,2,46,1,1,1773251279.523,1773251288.523,,_rich\P32_S3_rainy_WZ2.csv,5.0,1773251275.523,1773251288.023,4.0,13.0,
P32,S3_rainy,3,41,1,1,1773251327.512,1773251335.512,,_rich\P32_S3_rainy_WZ3.csv,5.0,1773251324.512,1773251335.012,3.0,11.0,
P32,S4_curve,1,53,1,1,1773250047.769,1773250058.169,,_rich\P32_S4_curve_WZ1.csv,5.0,1773250047.769,1773250058.269,,,
P32,S4_curve,2,48,1,1,1773250058.568,1773250067.968,,_rich\P32_S4_curve_WZ2.csv,5.0,1773250058.568,1773250068.068,,,
P32,S4_curve,3,118,1,1,1773250090.272,1773250113.672,,_rich\P32_S4_curve_WZ3.csv,5.0,1773250090.272,1773250113.772,,,
P32,S5_nighttime,1,41,1,1,1773249694.743,1773249702.743,,_rich\P32_S5_nighttime_WZ1.csv,5.0,1773249691.743,1773249701.743,3.0,11.0,
P32,S5_nighttime,2,51,1,1,1773249719.144,1773249729.144,,_rich\P32_S5_nighttime_WZ2.csv,5.0,1773249719.144,1773249729.644,0.0,10.0,
P32,S5_nighttime,3,41,1,1,1773249737.042,1773249745.042,,_rich\P32_S5_nighttime_WZ3.csv,5.0,1773249734.042,1773249743.042,3.0,11.0,
P32,S6_truck,1,51,1,1,1773251673.092,1773251683.092,,_rich\P32_S6_truck_WZ1.csv,5.0,1773251673.092,1773251683.092,,,
P32,S6_truck,2,51,1,1,1773251710.091,1773251720.091,,_rich\P32_S6_truck_WZ2.csv,5.0,1773251710.091,1773251720.091,,,
P32,S6_truck,3,86,1,1,1773251749.392,1773251766.392,,_rich\P32_S6_truck_WZ3.csv,5.0,1773251749.392,1773251766.392,,,
P33,S1_normal,1,51,1,1,1773330243.312,1773330253.312,,_rich\P33_S1_normal_WZ1.csv,5.0,1773330243.312,1773330253.312,,,
P33,S1_normal,2,51,1,1,1773330262.312,1773330272.312,,_rich\P33_S1_normal_WZ2.csv,5.0,1773330262.312,1773330272.312,,,
P33,S1_normal,3,46,1,1,1773330284.511,1773330293.511,,_rich\P33_S1_normal_WZ3.csv,5.0,1773330281.511,1773330294.011,3.0,12.0,
P33,S2_noWarning,1,53,1,1,1773329883.014,1773329893.414,,_rich\P33_S2_noWarning_WZ1.csv,5.0,1773329883.014,1773329893.514,,,
P33,S2_noWarning,2,56,1,1,1773329915.813,1773329926.813,,_rich\P33_S2_noWarning_WZ2.csv,5.0,1773329915.813,1773329926.813,,,
P33,S2_noWarning,3,73,1,1,1773329941.813,1773329956.213,,_rich\P33_S2_noWarning_WZ3.csv,5.0,1773329941.813,1773329956.313,,,
P33,S3_rainy,1,51,1,1,1773330649.731,1773330659.731,,_rich\P33_S3_rainy_WZ1.csv,5.0,1773330646.731,1773330659.231,3.0,13.0,
P33,S3_rainy,2,46,1,1,1773330681.827,1773330690.827,,_rich\P33_S3_rainy_WZ2.csv,5.0,1773330678.827,1773330689.327,3.0,12.0,
P33,S3_rainy,3,51,1,1,1773330724.727,1773330734.727,,_rich\P33_S3_rainy_WZ3.csv,5.0,1773330721.727,1773330735.227,3.0,13.0,
P33,S4_curve,1,53,1,1,1773329481.179,1773329491.579,,_rich\P33_S4_curve_WZ1.csv,5.0,1773329481.179,1773329491.679,,,
P33,S4_curve,2,46,1,1,1773329493.080,1773329502.080,,_rich\P33_S4_curve_WZ2.csv,5.0,1773329493.080,1773329502.080,,,
P33,S4_curve,3,76,1,1,1773329521.779,1773329536.779,,_rich\P33_S4_curve_WZ3.csv,5.0,1773329521.779,1773329536.779,,,
P33,S5_nighttime,1,51,1,1,1773328979.667,1773328989.667,,_rich\P33_S5_nighttime_WZ1.csv,5.0,1773328976.667,1773328987.167,3.0,13.0,
P33,S5_nighttime,2,58,1,1,1773329006.367,1773329017.767,,_rich\P33_S5_nighttime_WZ2.csv,5.0,1773329006.367,1773329017.867,,,
P33,S5_nighttime,3,81,1,1,1773329033.167,1773329049.167,,_rich\P33_S5_nighttime_WZ3.csv,5.0,1773329031.167,1773329048.667,2.0,18.0,
P33,S6_truck,1,51,1,1,1773331102.814,1773331112.814,,_rich\P33_S6_truck_WZ1.csv,5.0,1773331102.814,1773331112.814,,,
P33,S6_truck,2,51,1,1,1773331137.615,1773331147.615,,_rich\P33_S6_truck_WZ2.csv,5.0,1773331137.615,1773331147.615,,,
P33,S6_truck,3,71,1,1,1773331180.218,1773331194.218,,_rich\P33_S6_truck_WZ3.csv,5.0,1773331180.218,1773331194.218,,,
P34,S1_normal,1,51,1,1,1773416611.733,1773416621.733,,_rich\P34_S1_normal_WZ1.csv,5.0,1773416611.733,1773416621.733,,,
P34,S1_normal,2,51,1,1,1773416633.132,1773416643.132,,_rich\P34_S1_normal_WZ2.csv,5.0,1773416633.132,1773416643.132,,,
P34,S1_normal,3,51,1,1,1773416650.732,1773416660.732,,_rich\P34_S1_normal_WZ3.csv,5.0,1773416647.732,1773416660.732,3.0,13.0,
P34,S2_noWarning,1,51,1,1,1773416258.958,1773416268.958,,_rich\P34_S2_noWarning_WZ1.csv,5.0,1773416258.958,1773416268.958,,,
P34,S2_noWarning,2,51,1,1,1773416287.462,1773416297.462,,_rich\P34_S2_noWarning_WZ2.csv,5.0,1773416287.462,1773416297.462,,,
P34,S2_noWarning,3,83,1,1,1773416309.459,1773416325.859,,_rich\P34_S2_noWarning_WZ3.csv,5.0,1773416309.459,1773416325.959,,,
P34,S3_rainy,1,41,1,1,1773416972.962,1773416980.962,,_rich\P34_S3_rainy_WZ1.csv,5.0,1773416970.962,1773416980.962,2.0,10.0,
P34,S3_rainy,2,51,1,1,1773416996.862,1773417006.862,,_rich\P34_S3_rainy_WZ2.csv,5.0,1773416996.862,1773417006.862,,,
P34,S3_rainy,3,56,1,1,1773417044.163,1773417055.163,,_rich\P34_S3_rainy_WZ3.csv,5.0,1773417041.163,1773417055.663,3.0,14.0,
P34,S4_curve,1,51,1,1,1773415825.279,1773415835.279,,_rich\P34_S4_curve_WZ1.csv,5.0,1773415825.279,1773415835.279,,,
P34,S4_curve,2,71,1,1,1773415848.877,1773415862.877,,_rich\P34_S4_curve_WZ2.csv,5.0,1773415848.877,1773415862.877,,,
P34,S4_curve,3,108,1,1,1773415888.281,1773415909.681,,_rich\P34_S4_curve_WZ3.csv,5.0,1773415888.281,1773415909.781,,,
P34,S5_nighttime,1,71,1,1,1773415465.128,1773415479.128,,_rich\P34_S5_nighttime_WZ1.csv,5.0,1773415465.128,1773415479.128,,,
P34,S5_nighttime,2,56,1,1,1773415493.427,1773415504.427,,_rich\P34_S5_nighttime_WZ2.csv,5.0,1773415491.427,1773415505.427,2.0,13.0,
P34,S5_nighttime,3,108,1,1,1773415513.828,1773415535.228,,_rich\P34_S5_nighttime_WZ3.csv,5.0,1773415510.828,1773415535.328,3.0,24.5,
P34,S6_truck,1,51,1,1,1773417359.522,1773417369.522,,_rich\P34_S6_truck_WZ1.csv,5.0,1773417359.522,1773417369.522,,,
P34,S6_truck,2,53,1,1,1773417398.621,1773417409.021,,_rich\P34_S6_truck_WZ2.csv,5.0,1773417398.621,1773417409.121,,,
P34,S6_truck,3,68,1,1,1773417440.421,1773417453.821,,_rich\P34_S6_truck_WZ3.csv,5.0,1773417440.421,1773417453.921,,,
P3,S1_normal,1,51,1,1,1764861828.868,1764861838.868,,_rich\P3_S1_normal_WZ1.csv,5.0,1764861828.868,1764861838.868,,,
P3,S1_normal,2,51,1,1,1764861850.567,1764861860.567,,_rich\P3_S1_normal_WZ2.csv,5.0,1764861850.567,1764861860.567,,,
P3,S1_normal,3,51,1,1,1764861873.867,1764861883.867,,_rich\P3_S1_normal_WZ3.csv,5.0,1764861873.867,1764861883.867,,,
P3,S2_noWarning,1,51,1,1,1764862395.729,1764862405.729,,_rich\P3_S2_noWarning_WZ1.csv,5.0,1764862390.729,1764862405.229,5.0,15.0,
P3,S2_noWarning,2,51,1,1,1764862430.530,1764862440.530,,_rich\P3_S2_noWarning_WZ2.csv,5.0,1764862430.530,1764862440.530,,,
P3,S2_noWarning,3,46,1,1,1764862463.930,1764862472.930,,_rich\P3_S2_noWarning_WZ3.csv,5.0,1764862460.430,1764862470.430,3.5,12.5,
P3,S3_rainy,1,31,1,1,1764862963.617,1764862969.617,,_rich\P3_S3_rainy_WZ1.csv,5.0,1764862963.617,1764862969.617,,,
P3,S3_rainy,2,51,1,1,1764863156.918,1764863166.918,,_rich\P3_S3_rainy_WZ2.csv,5.0,1764863156.918,1764863166.918,,,
P3,S3_rainy,3,36,1,1,1764863092.917,1764863099.917,,_rich\P3_S3_rainy_WZ3.csv,5.0,1764863092.917,1764863099.917,,,
P3,S4_curve,1,53,1,1,1764863493.438,1764863503.838,,_rich\P3_S4_curve_WZ1.csv,5.0,1764863493.438,1764863503.938,,,
P3,S4_curve,2,51,1,1,1764863518.338,1764863528.338,,_rich\P3_S4_curve_WZ2.csv,5.0,1764863518.338,1764863528.338,,,
P3,S4_curve,3,63,1,1,1764863647.138,1764863659.538,,_rich\P3_S4_curve_WZ3.csv,5.0,1764863647.138,1764863659.638,,,
P3,S5_nighttime,1,53,1,1,1764864050.384,1764864060.784,,_rich\P3_S5_nighttime_WZ1.csv,5.0,1764864050.384,1764864060.884,,,
P3,S5_nighttime,2,53,1,1,1764864069.583,1764864079.983,,_rich\P3_S5_nighttime_WZ2.csv,5.0,1764864069.583,1764864080.083,,,
P3,S5_nighttime,3,98,1,1,1764864089.183,1764864108.583,,_rich\P3_S5_nighttime_WZ3.csv,5.0,1764864089.183,1764864108.683,,,
P3,S6_truck,1,41,1,1,1764864476.058,1764864484.058,,_rich\P3_S6_truck_WZ1.csv,5.0,1764864472.058,1764864482.058,4.0,12.0,
P3,S6_truck,2,51,1,1,1764864490.658,1764864500.658,,_rich\P3_S6_truck_WZ2.csv,5.0,1764864490.658,1764864500.658,,,
P3,S6_truck,3,41,1,1,1764864514.258,1764864522.258,,_rich\P3_S6_truck_WZ3.csv,5.0,1764864510.758,1764864520.758,3.5,11.5,
P4,S1_normal,1,46,1,1,1765308139.206,1765308148.206,,_rich\P4_S1_normal_WZ1.csv,5.0,1765308139.206,1765308148.206,,,
P4,S1_normal,2,53,1,1,1765308161.006,1765308171.406,,_rich\P4_S1_normal_WZ2.csv,5.0,1765308161.006,1765308171.506,,,
P4,S1_normal,3,56,1,1,1765308180.806,1765308191.806,,_rich\P4_S1_normal_WZ3.csv,5.0,1765308180.806,1765308191.806,,,
P4,S2_noWarning,1,31,1,1,1765305576.317,1765305582.317,,_rich\P4_S2_noWarning_WZ1.csv,5.0,1765305573.317,1765305579.817,3.0,9.0,
P4,S2_noWarning,2,63,1,1,1765305617.818,1765305630.218,,_rich\P4_S2_noWarning_WZ2.csv,5.0,1765305613.318,1765305629.318,4.5,17.0,
P4,S2_noWarning,3,56,1,1,1765305654.218,1765305665.218,,_rich\P4_S2_noWarning_WZ3.csv,5.0,1765305649.718,1765305660.218,4.5,15.5,
P4,S3_rainy,1,51,1,1,1765306222.862,1765306232.862,,_rich\P4_S3_rainy_WZ1.csv,5.0,1765306222.862,1765306232.862,,,
P4,S3_rainy,2,48,1,1,1765306302.162,1765306311.562,,_rich\P4_S3_rainy_WZ2.csv,5.0,1765306302.162,1765306311.662,,,
P4,S3_rainy,3,51,1,1,1765306351.862,1765306361.862,,_rich\P4_S3_rainy_WZ3.csv,5.0,1765306351.862,1765306361.862,,,
P4,S4_curve,1,51,1,1,1765306797.880,1765306807.880,,_rich\P4_S4_curve_WZ1.csv,5.0,1765306797.880,1765306807.880,,,
P4,S4_curve,2,53,1,1,1765306827.580,1765306837.980,,_rich\P4_S4_curve_WZ2.csv,5.0,1765306827.580,1765306838.080,,,
P4,S4_curve,3,68,1,1,1765306874.479,1765306887.879,,_rich\P4_S4_curve_WZ3.csv,5.0,1765306874.479,1765306887.979,,,
P4,S5_nighttime,1,51,1,1,1765307246.141,1765307256.141,,_rich\P4_S5_nighttime_WZ1.csv,5.0,1765307243.641,1765307254.641,2.5,12.5,
P4,S5_nighttime,2,51,1,1,1765307269.840,1765307279.840,,_rich\P4_S5_nighttime_WZ2.csv,5.0,1765307269.840,1765307279.840,,,
P4,S5_nighttime,3,103,1,1,1765307290.540,1765307310.940,,_rich\P4_S5_nighttime_WZ3.csv,5.0,1765307290.540,1765307311.040,,,
P4,S6_truck,1,53,1,1,1765307724.861,1765307735.261,,_rich\P4_S6_truck_WZ1.csv,5.0,1765307722.861,1765307733.861,2.0,12.5,
P4,S6_truck,2,71,1,1,1765307760.361,1765307774.361,,_rich\P4_S6_truck_WZ2.csv,5.0,1765307760.361,1765307774.361,,,
P4,S6_truck,3,53,1,1,1765307798.061,1765307808.461,,_rich\P4_S6_truck_WZ3.csv,5.0,1765307796.061,1765307806.061,2.0,12.5,
P5,S1_normal,1,61,1,1,1765314709.076,1765314721.076,,_rich\P5_S1_normal_WZ1.csv,5.0,1765314709.076,1765314721.076,,,
P5,S1_normal,2,63,1,1,1765314743.976,1765314756.376,,_rich\P5_S1_normal_WZ2.csv,5.0,1765314743.976,1765314756.476,,,
P5,S1_normal,3,63,1,1,1765314802.379,1765314814.779,,_rich\P5_S1_normal_WZ3.csv,5.0,1765314802.379,1765314814.879,,,
P5,S2_noWarning,1,48,1,1,1765315235.497,1765315244.897,,_rich\P5_S2_noWarning_WZ1.csv,5.0,1765315232.497,1765315242.497,3.0,12.5,
P5,S2_noWarning,2,58,1,1,1765315272.396,1765315283.796,,_rich\P5_S2_noWarning_WZ2.csv,5.0,1765315270.896,1765315283.396,1.5,13.0,
P5,S2_noWarning,3,36,1,1,1765315311.296,1765315318.296,,_rich\P5_S2_noWarning_WZ3.csv,5.0,1765315306.796,1765315316.796,4.5,11.5,
P5,S3_rainy,1,41,1,1,1765315681.401,1765315689.401,,_rich\P5_S3_rainy_WZ1.csv,5.0,1765315681.401,1765315689.401,,,
P5,S3_rainy,2,51,1,1,1765315721.601,1765315731.601,,_rich\P5_S3_rainy_WZ2.csv,5.0,1765315721.601,1765315731.601,,,
P5,S3_rainy,3,68,1,1,1765315769.300,1765315782.700,,_rich\P5_S3_rainy_WZ3.csv,5.0,1765315769.300,1765315782.800,,,
P5,S4_curve,1,58,1,1,1765316164.371,1765316175.771,,_rich\P5_S4_curve_WZ1.csv,5.0,1765316164.371,1765316175.871,,,
P5,S4_curve,2,63,1,1,1765316182.070,1765316194.470,,_rich\P5_S4_curve_WZ2.csv,5.0,1765316182.070,1765316194.570,,,
P5,S4_curve,3,61,1,1,1765316232.470,1765316244.470,,_rich\P5_S4_curve_WZ3.csv,5.0,1765316232.470,1765316244.470,,,
P5,S5_nighttime,1,53,1,1,1765316800.584,1765316810.984,,_rich\P5_S5_nighttime_WZ1.csv,5.0,1765316800.584,1765316811.084,,,
P5,S5_nighttime,2,53,1,1,1765316830.686,1765316841.086,,_rich\P5_S5_nighttime_WZ2.csv,5.0,1765316830.686,1765316841.186,,,
P5,S5_nighttime,3,68,1,1,1765316871.085,1765316884.485,,_rich\P5_S5_nighttime_WZ3.csv,5.0,1765316871.085,1765316884.585,,,
P5,S6_truck,1,71,1,1,1765317266.254,1765317280.254,,_rich\P5_S6_truck_WZ1.csv,5.0,1765317263.254,1765317279.254,3.0,17.0,
P5,S6_truck,2,63,1,1,1765317306.455,1765317318.855,,_rich\P5_S6_truck_WZ2.csv,5.0,1765317306.455,1765317318.955,,,
P5,S6_truck,3,66,1,1,1765317344.853,1765317357.853,,_rich\P5_S6_truck_WZ3.csv,5.0,1765317340.853,1765317351.853,4.0,17.0,
P6,S1_normal,1,43,1,1,1765390493.234,1765390501.634,,_rich\P6_S1_normal_WZ1.csv,5.0,1765390491.234,1765390501.734,2.0,10.5,
P6,S1_normal,2,51,1,1,1765390507.230,1765390517.230,,_rich\P6_S1_normal_WZ2.csv,5.0,1765390507.230,1765390517.230,,,
P6,S1_normal,3,53,1,1,1765390528.030,1765390538.430,,_rich\P6_S1_normal_WZ3.csv,5.0,1765390528.030,1765390538.530,,,
P6,S2_noWarning,1,41,1,1,1765390118.395,1765390126.395,,_rich\P6_S2_noWarning_WZ1.csv,5.0,1765390114.895,1765390125.395,3.5,11.5,
P6,S2_noWarning,2,53,1,1,1765390139.893,1765390150.293,,_rich\P6_S2_noWarning_WZ2.csv,5.0,1765390139.893,1765390150.393,,,
P6,S2_noWarning,3,43,1,1,1765390170.092,1765390178.492,,_rich\P6_S2_noWarning_WZ3.csv,5.0,1765390165.092,1765390175.092,5.0,13.5,
P6,S3_rainy,1,41,1,1,1765391117.211,1765391125.211,,_rich\P6_S3_rainy_WZ1.csv,5.0,1765391117.211,1765391125.211,,,
P6,S3_rainy,2,43,1,1,1765391214.306,1765391222.706,,_rich\P6_S3_rainy_WZ2.csv,5.0,1765391212.306,1765391222.306,2.0,10.5,
P6,S3_rainy,3,46,1,1,1765391245.306,1765391254.306,,_rich\P6_S3_rainy_WZ3.csv,5.0,1765391245.306,1765391254.306,,,
P6,S4_curve,1,53,1,1,1765391740.554,1765391750.954,,_rich\P6_S4_curve_WZ1.csv,5.0,1765391740.554,1765391751.054,,,
P6,S4_curve,2,53,1,1,1765391767.454,1765391777.854,,_rich\P6_S4_curve_WZ2.csv,5.0,1765391767.454,1765391777.954,,,
P6,S4_curve,3,53,1,1,1765391899.654,1765391910.054,,_rich\P6_S4_curve_WZ3.csv,5.0,1765391899.654,1765391910.154,,,
P6,S5_nighttime,1,51,1,1,1765392397.369,1765392407.369,,_rich\P6_S5_nighttime_WZ1.csv,5.0,1765392397.369,1765392407.369,,,
P6,S5_nighttime,2,51,1,1,1765392419.969,1765392429.969,,_rich\P6_S5_nighttime_WZ2.csv,5.0,1765392419.969,1765392429.969,,,
P6,S5_nighttime,3,66,1,1,1765392438.469,1765392451.469,,_rich\P6_S5_nighttime_WZ3.csv,5.0,1765392438.469,1765392451.469,,,
P6,S6_truck,1,38,1,1,1765392811.541,1765392818.941,,_rich\P6_S6_truck_WZ1.csv,5.0,1765392808.541,1765392819.041,3.0,10.5,
P6,S6_truck,2,51,1,1,1765392842.741,1765392852.741,,_rich\P6_S6_truck_WZ2.csv,5.0,1765392842.741,1765392852.741,,,
P6,S6_truck,3,36,1,1,1765392892.641,1765392899.641,,_rich\P6_S6_truck_WZ3.csv,5.0,1765392887.641,1765392898.141,5.0,12.0,
P7,S1_normal,1,56,1,1,1765394393.658,1765394404.658,,_rich\P7_S1_normal_WZ1.csv,5.0,1765394393.658,1765394404.658,,,
P7,S1_normal,2,53,1,1,1765394439.558,1765394449.958,,_rich\P7_S1_normal_WZ2.csv,5.0,1765394439.558,1765394450.058,,,
P7,S1_normal,3,51,1,1,1765394461.160,1765394471.160,,_rich\P7_S1_normal_WZ3.csv,5.0,1765394461.160,1765394471.160,,,
P7,S2_noWarning,1,46,1,1,1765393933.039,1765393942.039,,_rich\P7_S2_noWarning_WZ1.csv,5.0,1765393927.039,1765393939.039,6.0,15.0,
P7,S2_noWarning,2,53,1,1,1765393973.950,1765393984.350,,_rich\P7_S2_noWarning_WZ2.csv,5.0,1765393973.950,1765393984.450,,,
P7,S2_noWarning,3,36,1,1,1765394008.040,1765394015.040,,_rich\P7_S2_noWarning_WZ3.csv,5.0,1765394004.040,1765394014.540,4.0,11.0,
P7,S3_rainy,1,46,1,1,1765394886.380,1765394895.380,,_rich\P7_S3_rainy_WZ1.csv,5.0,1765394886.380,1765394895.380,,,
P7,S3_rainy,2,43,1,1,1765395001.280,1765395009.680,,_rich\P7_S3_rainy_WZ2.csv,5.0,1765394998.780,1765395008.780,2.5,11.0,
P7,S3_rainy,3,51,1,1,1765395030.282,1765395040.282,,_rich\P7_S3_rainy_WZ3.csv,5.0,1765395030.282,1765395040.282,,,
P7,S4_curve,1,53,1,1,1765395348.671,1765395359.071,,_rich\P7_S4_curve_WZ1.csv,5.0,1765395348.671,1765395359.171,,,
P7,S4_curve,2,51,1,1,1765395364.671,1765395374.671,,_rich\P7_S4_curve_WZ2.csv,5.0,1765395364.671,1765395374.671,,,
P7,S4_curve,3,53,1,1,1765395474.470,1765395484.870,,_rich\P7_S4_curve_WZ3.csv,5.0,1765395474.470,1765395484.970,,,
P7,S5_nighttime,1,48,1,1,1765395786.887,1765395796.287,,_rich\P7_S5_nighttime_WZ1.csv,5.0,1765395785.387,1765395795.387,1.5,11.0,
P7,S5_nighttime,2,53,1,1,1765395804.986,1765395815.386,,_rich\P7_S5_nighttime_WZ2.csv,5.0,1765395804.986,1765395815.486,,,
P7,S5_nighttime,3,61,1,1,1765395821.687,1765395833.687,,_rich\P7_S5_nighttime_WZ3.csv,5.0,1765395821.687,1765395833.687,,,
P7,S6_truck,1,46,1,1,1765396233.418,1765396242.418,,_rich\P7_S6_truck_WZ1.csv,5.0,1765396230.418,1765396240.418,3.0,12.0,
P7,S6_truck,2,53,1,1,1765396251.418,1765396261.818,,_rich\P7_S6_truck_WZ2.csv,5.0,1765396251.418,1765396261.918,,,
P7,S6_truck,3,36,1,1,1765396270.519,1765396277.519,,_rich\P7_S6_truck_WZ3.csv,5.0,1765396266.519,1765396277.019,4.0,11.0,
P8,S1_normal,1,46,1,1,1765482691.572,1765482700.572,,_rich\P8_S1_normal_WZ1.csv,5.0,1765482688.572,1765482700.072,3.0,12.0,
P8,S1_normal,2,53,1,1,1765482707.071,1765482717.471,,_rich\P8_S1_normal_WZ2.csv,5.0,1765482707.071,1765482717.571,,,
P8,S1_normal,3,46,1,1,1765482730.472,1765482739.472,,_rich\P8_S1_normal_WZ3.csv,5.0,1765482729.472,1765482739.972,1.0,10.0,
P8,S2_noWarning,1,51,1,1,1765482349.476,1765482359.476,,_rich\P8_S2_noWarning_WZ1.csv,5.0,1765482349.476,1765482359.476,,,
P8,S2_noWarning,2,51,1,1,1765482388.975,1765482398.975,,_rich\P8_S2_noWarning_WZ2.csv,5.0,1765482388.975,1765482398.975,,,
P8,S2_noWarning,3,41,1,1,1765482430.274,1765482438.274,,_rich\P8_S2_noWarning_WZ3.csv,5.0,1765482425.274,1765482435.774,5.0,13.0,
P8,S3_rainy,1,36,1,1,1765483029.950,1765483036.950,,_rich\P8_S3_rainy_WZ1.csv,5.0,1765483026.950,1765483037.450,3.0,10.0,
P8,S3_rainy,2,46,1,1,1765483058.450,1765483067.450,,_rich\P8_S3_rainy_WZ2.csv,5.0,1765483058.450,1765483067.450,,,
P8,S3_rainy,3,56,1,1,1765483082.051,1765483093.051,,_rich\P8_S3_rainy_WZ3.csv,5.0,1765483082.051,1765483093.051,,,
P8,S4_curve,1,53,1,1,1765483395.336,1765483405.736,,_rich\P8_S4_curve_WZ1.csv,5.0,1765483395.336,1765483405.836,,,
P8,S4_curve,2,51,1,1,1765483405.638,1765483415.638,,_rich\P8_S4_curve_WZ2.csv,5.0,1765483405.638,1765483415.638,,,
P8,S4_curve,3,46,1,1,1765483439.838,1765483448.838,,_rich\P8_S4_curve_WZ3.csv,5.0,1765483439.838,1765483448.838,,,
P8,S5_nighttime,1,43,1,1,1765483802.872,1765483811.272,,_rich\P8_S5_nighttime_WZ1.csv,5.0,1765483799.372,1765483809.872,3.5,12.0,
P8,S5_nighttime,2,53,1,1,1765483826.672,1765483837.072,,_rich\P8_S5_nighttime_WZ2.csv,5.0,1765483826.672,1765483837.172,,,
P8,S5_nighttime,3,46,1,1,1765483842.974,1765483851.974,,_rich\P8_S5_nighttime_WZ3.csv,5.0,1765483842.974,1765483851.974,,,
P8,S6_truck,1,43,1,1,1765484184.845,1765484193.245,,_rich\P8_S6_truck_WZ1.csv,5.0,1765484181.345,1765484191.845,3.5,12.0,
P8,S6_truck,2,41,1,1,1765484215.246,1765484223.246,,_rich\P8_S6_truck_WZ2.csv,5.0,1765484215.246,1765484225.246,0.0,8.0,
P8,S6_truck,3,51,1,1,1765484235.445,1765484245.445,,_rich\P8_S6_truck_WZ3.csv,5.0,1765484233.445,1765484243.445,2.0,12.0,
P9,S1_normal,1,51,1,1,1765488018.710,1765488028.710,,_rich\P9_S1_normal_WZ1.csv,5.0,1765488018.710,1765488028.710,,,
P9,S1_normal,2,51,1,1,1765488037.109,1765488047.109,,_rich\P9_S1_normal_WZ2.csv,5.0,1765488037.109,1765488047.109,,,
P9,S1_normal,3,51,1,1,1765488059.509,1765488069.509,,_rich\P9_S1_normal_WZ3.csv,5.0,1765488059.509,1765488069.509,,,
P9,S2_noWarning,1,46,1,1,1765487571.803,1765487580.803,,_rich\P9_S2_noWarning_WZ1.csv,5.0,1765487568.803,1765487579.303,3.0,12.0,
P9,S2_noWarning,2,83,1,1,1765487603.302,1765487619.702,,_rich\P9_S2_noWarning_WZ2.csv,5.0,1765487603.302,1765487619.802,,,
P9,S2_noWarning,3,76,1,1,1765487641.403,1765487656.403,,_rich\P9_S2_noWarning_WZ3.csv,5.0,1765487634.403,1765487653.403,7.0,22.0,
P9,S3_rainy,1,46,1,1,1765488427.325,1765488436.325,,_rich\P9_S3_rainy_WZ1.csv,5.0,1765488427.325,1765488436.325,,,
P9,S3_rainy,2,86,1,1,1765488455.126,1765488472.126,,_rich\P9_S3_rainy_WZ2.csv,5.0,1765488452.126,1765488471.126,3.0,20.0,
P9,S3_rainy,3,66,1,1,1765488494.426,1765488507.426,,_rich\P9_S3_rainy_WZ3.csv,5.0,1765488494.426,1765488507.426,,,
P9,S4_curve,1,51,1,1,1765488948.573,1765488958.573,,_rich\P9_S4_curve_WZ1.csv,5.0,1765488948.573,1765488958.573,,,
P9,S4_curve,2,61,1,1,1765488957.773,1765488969.773,,_rich\P9_S4_curve_WZ2.csv,5.0,1765488957.773,1765488969.773,,,
P9,S4_curve,3,68,1,1,1765488988.572,1765489001.972,,_rich\P9_S4_curve_WZ3.csv,5.0,1765488988.572,1765489002.072,,,
P9,S5_nighttime,1,53,1,1,1765489357.665,1765489368.065,,_rich\P9_S5_nighttime_WZ1.csv,5.0,1765489357.665,1765489368.165,,,
P9,S5_nighttime,2,66,1,1,1765489385.762,1765489398.762,,_rich\P9_S5_nighttime_WZ2.csv,5.0,1765489385.762,1765489398.762,,,
P9,S5_nighttime,3,66,1,1,1765489413.760,1765489426.760,,_rich\P9_S5_nighttime_WZ3.csv,5.0,1765489413.760,1765489426.760,,,
P9,S6_truck,1,51,1,1,1765489756.511,1765489766.511,,_rich\P9_S6_truck_WZ1.csv,5.0,1765489753.511,1765489766.011,3.0,13.0,
P9,S6_truck,2,56,1,1,1765489777.312,1765489788.312,,_rich\P9_S6_truck_WZ2.csv,5.0,1765489777.312,1765489788.312,,,
P9,S6_truck,3,46,1,1,1765489803.610,1765489812.610,,_rich\P9_S6_truck_WZ3.csv,5.0,1765489800.610,1765489810.610,3.0,12.0,
